domain,name,type,common_rank,first_rank_total,first_total_births,first_male_births,first_female_births,first_recent_2020_births,first_first_year,first_last_year,first_peak_year,first_peak_year_births,first_best_sex,surname_rank_2010,surname_count_2010,surname_prop100k_2010,whois_status,checked_at_utc
contreras.ai,contreras,last,229,,,,,,,,,,,229,130164,44.13,available,2026-05-30T06:44:46.263Z
mejia.ai,mejia,last,300,,,,,,,,,,,300,104057,35.28,available,2026-05-30T06:44:46.263Z
ochoa.ai,ochoa,last,408,,,,,,,,,,,408,78677,26.67,available,2026-05-30T06:44:46.263Z
ibarra.ai,ibarra,last,507,,,,,,,,,,,507,66063,22.4,available,2026-05-30T06:44:46.263Z
orozco.ai,orozco,last,512,,,,,,,,,,,512,65904,22.34,available,2026-05-30T06:44:46.263Z
villarreal.ai,villarreal,last,547,,,,,,,,,,,547,61355,20.8,available,2026-05-30T06:44:46.263Z
valenzuela.ai,valenzuela,last,584,,,,,,,,,,,584,57383,19.45,available,2026-05-30T06:44:46.263Z
yoder.ai,yoder,last,598,,,,,,,,,,,598,56410,19.12,available,2026-05-30T06:44:46.263Z
melendez.ai,melendez,last,603,,,,,,,,,,,603,56230,19.06,available,2026-05-30T06:44:46.263Z
roberson.ai,roberson,first+last,605,71448,13,13,0,0,1991,1996,1991,8,M,605,56180,19.05,available,2026-05-30T06:44:46.263Z
dickerson.ai,dickerson,last,659,,,,,,,,,,,659,51889,17.59,available,2026-05-30T06:44:46.263Z
mathews.ai,mathews,first+last,663,18403,439,439,0,0,1896,2016,2006,17,M,663,51592,17.49,available,2026-05-30T06:44:46.263Z
cisneros.ai,cisneros,last,670,,,,,,,,,,,670,50920,17.26,available,2026-05-30T06:44:46.263Z
harrell.ai,harrell,first+last,671,5937,2635,2635,0,0,1902,2016,1947,56,M,671,50837,17.23,available,2026-05-30T06:44:46.263Z
arellano.ai,arellano,last,687,,,,,,,,,,,687,50104,16.99,available,2026-05-30T06:44:46.263Z
mcclain.ai,mcclain,first+last,722,18024,455,405,50,25,1918,2020,2000,19,M,722,48165,16.33,available,2026-05-30T06:44:46.263Z
huerta.ai,huerta,last,735,,,,,,,,,,,735,47455,16.09,available,2026-05-30T06:44:46.263Z
murillo.ai,murillo,last,757,,,,,,,,,,,757,45558,15.44,available,2026-05-30T06:44:46.263Z
barajas.ai,barajas,last,763,,,,,,,,,,,763,45153,15.31,available,2026-05-30T06:44:46.263Z
mcintyre.ai,mcintyre,last,786,,,,,,,,,,,786,43842,14.86,available,2026-05-30T06:44:46.263Z
palacios.ai,palacios,last,789,,,,,,,,,,,789,43798,14.85,available,2026-05-30T06:44:46.263Z
cuevas.ai,cuevas,last,790,,,,,,,,,,,790,43701,14.81,available,2026-05-30T06:44:46.263Z
enriquez.ai,enriquez,first+last,837,56305,32,32,0,0,1978,1995,1978,7,M,837,41271,13.99,available,2026-05-30T06:44:46.263Z
quintero.ai,quintero,first+last,839,81277,7,7,0,0,1991,1991,1991,7,M,839,41158,13.95,available,2026-05-30T06:44:46.263Z
medrano.ai,medrano,last,858,,,,,,,,,,,858,40261,13.65,available,2026-05-30T06:44:46.263Z
magana.ai,magana,last,888,,,,,,,,,,,888,39105,13.26,available,2026-05-30T06:44:46.263Z
blevins.ai,blevins,last,906,,,,,,,,,,,906,38229,12.96,available,2026-05-30T06:44:46.263Z
delarosa.ai,delarosa,last,910,,,,,,,,,,,910,37932,12.86,available,2026-05-30T06:44:46.263Z
portillo.ai,portillo,last,914,,,,,,,,,,,914,37890,12.84,available,2026-05-30T06:44:46.263Z
dougherty.ai,dougherty,last,915,,,,,,,,,,,915,37884,12.84,available,2026-05-30T06:44:46.263Z
villalobos.ai,villalobos,last,919,,,,,,,,,,,919,37754,12.8,available,2026-05-30T06:44:46.263Z
esquivel.ai,esquivel,last,925,,,,,,,,,,,925,37578,12.74,available,2026-05-30T06:44:46.263Z
jaramillo.ai,jaramillo,last,945,,,,,,,,,,,945,36755,12.46,available,2026-05-30T06:44:46.263Z
alfaro.ai,alfaro,last,975,,,,,,,,,,,975,35725,12.11,available,2026-05-30T06:44:46.263Z
quinones.ai,quinones,last,1014,,,,,,,,,,,1014,34468,11.68,available,2026-05-30T06:44:46.263Z
mcknight.ai,mcknight,last,1023,,,,,,,,,,,1023,34055,11.54,available,2026-05-30T06:44:46.263Z
saenz.ai,saenz,last,1029,,,,,,,,,,,1029,33787,11.45,available,2026-05-30T06:44:46.263Z
ferrell.ai,ferrell,first+last,1043,6938,2073,1911,162,0,1897,2015,1935,48,M,1043,33418,11.33,available,2026-05-30T06:44:46.263Z
dotson.ai,dotson,first+last,1045,56297,32,32,0,0,1928,1939,1932,8,M,1045,33347,11.3,available,2026-05-30T06:44:46.263Z
mcgowan.ai,mcgowan,last,1046,,,,,,,,,,,1046,33340,11.3,available,2026-05-30T06:44:46.263Z
becerra.ai,becerra,last,1051,,,,,,,,,,,1051,33274,11.28,available,2026-05-30T06:44:46.263Z
byers.ai,byers,last,1087,,,,,,,,,,,1087,32174,10.91,available,2026-05-30T06:44:46.263Z
mcfadden.ai,mcfadden,last,1098,,,,,,,,,,,1098,31839,10.79,available,2026-05-30T06:44:46.263Z
carrasco.ai,carrasco,last,1110,,,,,,,,,,,1110,31575,10.7,available,2026-05-30T06:44:46.263Z
winifred.ai,winifred,first,1117,1117,44936,1106,43830,222,1880,2020,1918,1593,F,,,,available,2026-05-30T06:44:46.263Z
wooten.ai,wooten,last,1123,,,,,,,,,,,1123,31249,10.59,available,2026-05-30T06:44:46.263Z
childers.ai,childers,last,1150,,,,,,,,,,,1150,30570,10.36,available,2026-05-30T06:44:46.263Z
mccabe.ai,mccabe,first+last,1154,37462,105,105,0,0,1995,2016,2007,10,M,1154,30401,10.31,available,2026-05-30T06:44:46.263Z
saucedo.ai,saucedo,last,1157,,,,,,,,,,,1157,30374,10.3,available,2026-05-30T06:44:46.263Z
hurtado.ai,hurtado,last,1160,,,,,,,,,,,1160,30286,10.27,available,2026-05-30T06:44:46.263Z
hendrickson.ai,hendrickson,last,1162,,,,,,,,,,,1162,30259,10.26,available,2026-05-30T06:44:46.263Z
ratliff.ai,ratliff,last,1168,,,,,,,,,,,1168,30083,10.2,available,2026-05-30T06:44:46.263Z
gilliam.ai,gilliam,first+last,1204,31480,157,147,10,0,1914,1988,1920,9,M,1204,29414,9.97,available,2026-05-30T06:44:46.263Z
escobedo.ai,escobedo,last,1211,,,,,,,,,,,1211,29185,9.89,available,2026-05-30T06:44:46.263Z
arredondo.ai,arredondo,last,1212,,,,,,,,,,,1212,29173,9.89,available,2026-05-30T06:44:46.263Z
womack.ai,womack,last,1245,,,,,,,,,,,1245,28201,9.56,available,2026-05-30T06:44:46.263Z
renteria.ai,renteria,last,1256,,,,,,,,,,,1256,27976,9.48,available,2026-05-30T06:44:46.263Z
pryor.ai,pryor,first+last,1263,18948,419,388,31,31,1881,2020,2019,44,M,1263,27805,9.43,available,2026-05-30T06:44:46.263Z
kenney.ai,kenney,first+last,1266,6144,2505,2500,5,7,1899,2020,1960,94,M,1266,27759,9.41,available,2026-05-30T06:44:46.263Z
puckett.ai,puckett,last,1273,,,,,,,,,,,1273,27627,9.37,available,2026-05-30T06:44:46.263Z
quiroz.ai,quiroz,last,1280,,,,,,,,,,,1280,27452,9.31,available,2026-05-30T06:44:46.263Z
paredes.ai,paredes,last,1287,,,,,,,,,,,1287,27274,9.25,available,2026-05-30T06:44:46.263Z
lemus.ai,lemus,last,1297,,,,,,,,,,,1297,27079,9.18,available,2026-05-30T06:44:46.263Z
clemons.ai,clemons,first+last,1300,43214,72,72,0,0,1910,1952,1919,8,M,1300,27022,9.16,available,2026-05-30T06:44:46.263Z
broussard.ai,broussard,last,1302,,,,,,,,,,,1302,26971,9.14,available,2026-05-30T06:44:46.263Z
mcginnis.ai,mcginnis,last,1303,,,,,,,,,,,1303,26953,9.14,available,2026-05-30T06:44:46.263Z
rutledge.ai,rutledge,first+last,1306,24365,264,264,0,7,1913,2020,2014,24,M,1306,26887,9.11,available,2026-05-30T06:44:46.263Z
carmona.ai,carmona,last,1310,,,,,,,,,,,1310,26774,9.08,available,2026-05-30T06:44:46.263Z
burris.ai,burris,first+last,1312,31019,162,162,0,0,1911,1946,1922,14,M,1312,26760,9.07,available,2026-05-30T06:44:46.263Z
bermudez.ai,bermudez,last,1316,,,,,,,,,,,1316,26691,9.05,available,2026-05-30T06:44:46.263Z
orellana.ai,orellana,last,1319,,,,,,,,,,,1319,26651,9.03,available,2026-05-30T06:44:46.263Z
hutchins.ai,hutchins,first+last,1344,91173,5,5,0,0,2012,2012,2012,5,M,1344,26251,8.9,available,2026-05-30T06:44:46.263Z
granados.ai,granados,last,1347,,,,,,,,,,,1347,26187,8.88,available,2026-05-30T06:44:46.263Z
hinojosa.ai,hinojosa,last,1352,,,,,,,,,,,1352,26146,8.86,available,2026-05-30T06:44:46.263Z
quezada.ai,quezada,last,1372,,,,,,,,,,,1372,25752,8.73,available,2026-05-30T06:44:46.263Z
shafer.ai,shafer,first+last,1379,34893,125,125,0,0,1990,2018,1994,11,M,1379,25641,8.69,available,2026-05-30T06:44:46.263Z
camryn.ai,camryn,first,1380,1380,31713,4232,27481,869,1974,2020,1999,2048,F,,,,available,2026-05-30T06:44:46.263Z
padgett.ai,padgett,first+last,1397,78324,10,0,10,0,1948,1992,1948,5,F,1397,25413,8.62,available,2026-05-30T06:44:46.263Z
akers.ai,akers,last,1405,,,,,,,,,,,1405,25290,8.57,available,2026-05-30T06:44:46.263Z
mayes.ai,mayes,first+last,1408,35582,119,114,5,16,1914,2020,2020,16,M,1408,25256,8.56,available,2026-05-30T06:44:46.263Z
burgos.ai,burgos,last,1411,,,,,,,,,,,1411,25169,8.53,available,2026-05-30T06:44:46.263Z
latasha.ai,latasha,first,1419,1419,30320,114,30206,7,1959,2020,1981,2059,F,,,,available,2026-05-30T06:44:46.263Z
coffman.ai,coffman,last,1421,,,,,,,,,,,1421,24980,8.47,available,2026-05-30T06:44:46.263Z
childress.ai,childress,last,1424,,,,,,,,,,,1424,24937,8.45,available,2026-05-30T06:44:46.263Z
elkins.ai,elkins,first+last,1426,90012,5,5,0,0,1919,1919,1919,5,M,1426,24902,8.44,available,2026-05-30T06:44:46.263Z
edmonds.ai,edmonds,last,1432,,,,,,,,,,,1432,24857,8.43,available,2026-05-30T06:44:46.263Z
cathleen.ai,cathleen,first,1433,1433,29878,10,29868,11,1896,2020,1958,1157,F,,,,available,2026-05-30T06:44:46.263Z
griggs.ai,griggs,last,1437,,,,,,,,,,,1437,24819,8.41,available,2026-05-30T06:44:46.263Z
yarbrough.ai,yarbrough,last,1441,,,,,,,,,,,1441,24749,8.39,available,2026-05-30T06:44:46.263Z
zachery.ai,zachery,first+last,1442,1442,29619,29581,38,48,1948,2020,1993,1902,M,15309,1917,0.65,available,2026-05-30T06:44:46.263Z
schafer.ai,schafer,first+last,1452,47390,56,56,0,0,1992,2017,2008,9,M,1452,24543,8.32,available,2026-05-30T06:44:46.263Z
bustamante.ai,bustamante,last,1454,,,,,,,,,,,1454,24536,8.32,available,2026-05-30T06:44:46.263Z
canales.ai,canales,last,1462,,,,,,,,,,,1462,24384,8.27,available,2026-05-30T06:44:46.263Z
tolbert.ai,tolbert,first+last,1464,12803,792,792,0,0,1881,1987,1916,24,M,1464,24375,8.26,available,2026-05-30T06:44:46.263Z
deandre.ai,deandre,first+last,1468,1468,28827,28375,452,311,1958,2020,1994,1147,M,157234,103,0.03,available,2026-05-30T06:44:46.263Z
navarrete.ai,navarrete,last,1471,,,,,,,,,,,1471,24259,8.22,available,2026-05-30T06:44:46.263Z
tompkins.ai,tompkins,last,1485,,,,,,,,,,,1485,24056,8.16,available,2026-05-30T06:44:46.263Z
newsome.ai,newsome,last,1491,,,,,,,,,,,1491,23958,8.12,available,2026-05-30T06:44:46.263Z
arevalo.ai,arevalo,last,1499,,,,,,,,,,,1499,23895,8.1,available,2026-05-30T06:44:46.263Z
horner.ai,horner,last,1500,,,,,,,,,,,1500,23881,8.1,available,2026-05-30T06:44:46.263Z
aniyah.ai,aniyah,first,1506,1506,27230,5,27225,1015,1991,2020,2009,1825,F,,,,available,2026-05-30T06:44:46.263Z
bullard.ai,bullard,last,1509,,,,,,,,,,,1509,23755,8.05,available,2026-05-30T06:44:46.263Z
dewayne.ai,dewayne,first,1524,1524,26339,26232,107,64,1912,2020,1962,651,M,,,,available,2026-05-30T06:44:46.263Z
kamryn.ai,kamryn,first,1526,1526,26320,4446,21874,932,1974,2020,2008,1270,F,,,,available,2026-05-30T06:44:46.263Z
mcghee.ai,mcghee,last,1529,,,,,,,,,,,1529,23461,7.95,available,2026-05-30T06:44:46.263Z
barragan.ai,barragan,last,1551,,,,,,,,,,,1551,23176,7.86,available,2026-05-30T06:44:46.263Z
reynoso.ai,reynoso,last,1554,,,,,,,,,,,1554,23143,7.85,available,2026-05-30T06:44:46.263Z
ornelas.ai,ornelas,last,1568,,,,,,,,,,,1568,22969,7.79,available,2026-05-30T06:44:46.263Z
aleman.ai,aleman,last,1571,,,,,,,,,,,1571,22927,7.77,available,2026-05-30T06:44:46.263Z
rodriquez.ai,rodriquez,first+last,1572,8422,1524,1524,0,0,1955,2019,1992,57,M,1572,22892,7.76,available,2026-05-30T06:44:46.263Z
goins.ai,goins,last,1574,,,,,,,,,,,1574,22837,7.74,available,2026-05-30T06:44:46.263Z
esposito.ai,esposito,last,1576,,,,,,,,,,,1576,22789,7.73,available,2026-05-30T06:44:46.263Z
casillas.ai,casillas,last,1579,,,,,,,,,,,1579,22710,7.7,available,2026-05-30T06:44:46.263Z
quintanilla.ai,quintanilla,last,1586,,,,,,,,,,,1586,22581,7.66,available,2026-05-30T06:44:46.263Z
ashlynn.ai,ashlynn,first,1589,1589,24300,12,24288,427,1964,2020,2010,1327,F,,,,available,2026-05-30T06:44:46.263Z
chasity.ai,chasity,first,1591,1591,24179,23,24156,62,1970,2020,1976,935,F,,,,available,2026-05-30T06:44:46.263Z
jeannine.ai,jeannine,first,1594,1594,24036,6,24030,0,1914,2019,1929,1183,F,,,,available,2026-05-30T06:44:46.263Z
tellez.ai,tellez,last,1595,,,,,,,,,,,1595,22494,7.63,available,2026-05-30T06:44:46.263Z
cuellar.ai,cuellar,last,1609,,,,,,,,,,,1609,22324,7.57,available,2026-05-30T06:44:46.263Z
ybarra.ai,ybarra,last,1619,,,,,,,,,,,1619,22211,7.53,available,2026-05-30T06:44:46.263Z
bettye.ai,bettye,first,1632,1632,22967,47,22920,0,1883,1998,1933,763,F,,,,available,2026-05-30T06:44:46.263Z
ojeda.ai,ojeda,last,1633,,,,,,,,,,,1633,22045,7.47,available,2026-05-30T06:44:46.263Z
maritza.ai,maritza,first,1636,1636,22790,79,22711,98,1945,2020,2005,780,F,,,,available,2026-05-30T06:44:46.263Z
lujan.ai,lujan,last,1637,,,,,,,,,,,1637,22021,7.47,available,2026-05-30T06:44:46.263Z
virgie.ai,virgie,first,1644,1644,22458,668,21790,0,1880,1997,1918,566,F,,,,available,2026-05-30T06:44:46.263Z
valadez.ai,valadez,last,1645,,,,,,,,,,,1645,21859,7.41,available,2026-05-30T06:44:46.263Z
carbajal.ai,carbajal,last,1646,,,,,,,,,,,1646,21838,7.4,available,2026-05-30T06:44:46.263Z
mcdonough.ai,mcdonough,last,1655,,,,,,,,,,,1655,21739,7.37,available,2026-05-30T06:44:46.263Z
feliciano.ai,feliciano,first+last,1662,6619,2232,2232,0,19,1911,2020,1979,40,M,1662,21667,7.35,available,2026-05-30T06:44:46.263Z
latonya.ai,latonya,first,1671,1671,21819,67,21752,0,1951,2019,1974,1290,F,,,,available,2026-05-30T06:44:46.263Z
madalyn.ai,madalyn,first,1672,1672,21811,0,21811,331,1899,2020,2008,1144,F,,,,available,2026-05-30T06:44:46.263Z
arreola.ai,arreola,last,1673,,,,,,,,,,,1673,21540,7.3,available,2026-05-30T06:44:46.263Z
hankins.ai,hankins,last,1675,,,,,,,,,,,1675,21532,7.3,available,2026-05-30T06:44:46.263Z
dugan.ai,dugan,first+last,1679,16783,513,513,0,7,1914,2020,1998,21,M,1679,21455,7.27,available,2026-05-30T06:44:46.263Z
raegan.ai,raegan,first,1686,1686,21306,226,21080,1183,1956,2020,2019,1404,F,,,,available,2026-05-30T06:44:46.263Z
ladonna.ai,ladonna,first,1688,1688,21222,0,21222,5,1903,2020,1964,612,F,,,,available,2026-05-30T06:44:46.263Z
waddell.ai,waddell,first+last,1691,12932,780,780,0,0,1908,1990,1947,22,M,1691,21301,7.22,available,2026-05-30T06:44:46.263Z
gagnon.ai,gagnon,last,1697,,,,,,,,,,,1697,21208,7.19,available,2026-05-30T06:44:46.263Z
spivey.ai,spivey,first+last,1702,98172,5,5,0,0,1958,1958,1958,5,M,1702,21161,7.17,available,2026-05-30T06:44:46.263Z
patino.ai,patino,last,1705,,,,,,,,,,,1705,21113,7.16,available,2026-05-30T06:44:46.263Z
marrero.ai,marrero,last,1706,,,,,,,,,,,1706,21109,7.16,available,2026-05-30T06:44:46.263Z
escamilla.ai,escamilla,last,1715,,,,,,,,,,,1715,20958,7.1,available,2026-05-30T06:44:46.263Z
venegas.ai,venegas,last,1722,,,,,,,,,,,1722,20851,7.07,available,2026-05-30T06:44:46.263Z
nelda.ai,nelda,first,1739,1739,20116,5,20111,0,1884,2019,1938,567,F,,,,available,2026-05-30T06:44:46.263Z
guidry.ai,guidry,last,1739,,,,,,,,,,,1739,20600,6.98,available,2026-05-30T06:44:46.263Z
mcmullen.ai,mcmullen,last,1742,,,,,,,,,,,1742,20545,6.96,available,2026-05-30T06:44:46.263Z
terrie.ai,terrie,first,1744,1744,20059,338,19721,0,1918,2019,1961,1112,F,,,,available,2026-05-30T06:44:46.263Z
thomason.ai,thomason,first+last,1751,73021,12,12,0,0,1999,2017,2017,7,M,1751,20478,6.94,available,2026-05-30T06:44:46.263Z
galvez.ai,galvez,last,1754,,,,,,,,,,,1754,20425,6.92,available,2026-05-30T06:44:46.263Z
nayeli.ai,nayeli,first,1756,1756,19828,14,19814,721,1977,2020,2001,1845,F,,,,available,2026-05-30T06:44:46.263Z
hargrove.ai,hargrove,last,1764,,,,,,,,,,,1764,20360,6.9,available,2026-05-30T06:44:46.263Z
ledesma.ai,ledesma,last,1768,,,,,,,,,,,1768,20311,6.89,available,2026-05-30T06:44:46.263Z
rendon.ai,rendon,first+last,1778,40915,84,84,0,0,1988,2019,1988,7,M,1778,20143,6.83,available,2026-05-30T06:44:46.263Z
fontenot.ai,fontenot,last,1792,,,,,,,,,,,1792,20035,6.79,available,2026-05-30T06:44:46.263Z
washburn.ai,washburn,last,1793,,,,,,,,,,,1793,20030,6.79,available,2026-05-30T06:44:46.263Z
bryanna.ai,bryanna,first,1796,1796,19097,0,19097,151,1959,2020,1998,1027,F,,,,available,2026-05-30T06:44:46.263Z
kyleigh.ai,kyleigh,first,1800,1800,19056,6,19050,324,1978,2020,2011,1172,F,,,,available,2026-05-30T06:44:46.263Z
blount.ai,blount,last,1803,,,,,,,,,,,1803,19878,6.74,available,2026-05-30T06:44:46.263Z
hinson.ai,hinson,first+last,1807,53445,38,38,0,7,2014,2020,2018,9,M,1807,19857,6.73,available,2026-05-30T06:44:46.263Z
pearlie.ai,pearlie,first,1807,1807,18821,699,18122,0,1880,2015,1937,391,F,,,,available,2026-05-30T06:44:46.263Z
sepulveda.ai,sepulveda,last,1810,,,,,,,,,,,1810,19851,6.73,available,2026-05-30T06:44:46.263Z
duvall.ai,duvall,first+last,1811,42162,77,77,0,0,1930,2015,1981,9,M,1811,19844,6.73,available,2026-05-30T06:44:46.263Z
tackett.ai,tackett,last,1818,,,,,,,,,,,1818,19737,6.69,available,2026-05-30T06:44:46.263Z
locklear.ai,locklear,last,1819,,,,,,,,,,,1819,19716,6.68,available,2026-05-30T06:44:46.263Z
linares.ai,linares,last,1820,,,,,,,,,,,1820,19688,6.67,available,2026-05-30T06:44:46.263Z
marroquin.ai,marroquin,last,1822,,,,,,,,,,,1822,19661,6.67,available,2026-05-30T06:44:46.263Z
latisha.ai,latisha,first,1828,1828,18419,38,18381,6,1948,2020,1979,1175,F,,,,available,2026-05-30T06:44:46.263Z
gamboa.ai,gamboa,last,1829,,,,,,,,,,,1829,19577,6.64,available,2026-05-30T06:44:46.263Z
katlyn.ai,katlyn,first,1830,1830,18359,5,18354,11,1979,2020,1995,1260,F,,,,available,2026-05-30T06:44:46.263Z
gipson.ai,gipson,first+last,1843,77010,10,10,0,5,1952,2020,1952,5,M,1843,19470,6.6,available,2026-05-30T06:44:46.263Z
eleanore.ai,eleanore,first,1843,1843,18092,0,18092,106,1880,2020,1921,768,F,,,,available,2026-05-30T06:44:46.263Z
jaylin.ai,jaylin,first,1845,1845,18083,9791,8292,434,1982,2020,2002,675,M,,,,available,2026-05-30T06:44:46.263Z
ledbetter.ai,ledbetter,last,1847,,,,,,,,,,,1847,19417,6.58,available,2026-05-30T06:44:46.263Z
christiansen.ai,christiansen,last,1854,,,,,,,,,,,1854,19340,6.56,available,2026-05-30T06:44:46.263Z
pritchett.ai,pritchett,last,1856,,,,,,,,,,,1856,19334,6.55,available,2026-05-30T06:44:46.263Z
saundra.ai,saundra,first,1859,1859,17861,11,17850,0,1925,2017,1947,813,F,,,,available,2026-05-30T06:44:46.263Z
arriaga.ai,arriaga,last,1865,,,,,,,,,,,1865,19236,6.52,available,2026-05-30T06:44:46.263Z
mcneill.ai,mcneill,last,1875,,,,,,,,,,,1875,19152,6.49,available,2026-05-30T06:44:46.263Z
arline.ai,arline,first+last,1877,1877,17606,36,17570,6,1883,2020,1924,677,F,17300,1636,0.55,available,2026-05-30T06:44:46.263Z
zackery.ai,zackery,first+last,1879,1879,17541,17536,5,55,1948,2020,1994,861,M,18572,1485,0.5,available,2026-05-30T06:44:46.263Z
delossantos.ai,delossantos,last,1880,,,,,,,,,,,1880,19131,6.49,available,2026-05-30T06:44:46.263Z
vallejo.ai,vallejo,last,1881,,,,,,,,,,,1881,19117,6.48,available,2026-05-30T06:44:46.263Z
cronin.ai,cronin,last,1883,,,,,,,,,,,1883,19078,6.47,available,2026-05-30T06:44:46.263Z
pettit.ai,pettit,last,1892,,,,,,,,,,,1892,19004,6.44,available,2026-05-30T06:44:46.263Z
sharron.ai,sharron,first+last,1897,1897,17226,370,16856,0,1918,2018,1943,870,F,40144,546,0.19,available,2026-05-30T06:44:46.263Z
barrientos.ai,barrientos,last,1905,,,,,,,,,,,1905,18877,6.4,available,2026-05-30T06:44:46.263Z
mcclendon.ai,mcclendon,last,1907,,,,,,,,,,,1907,18857,6.39,available,2026-05-30T06:44:46.263Z
saavedra.ai,saavedra,last,1910,,,,,,,,,,,1910,18834,6.38,available,2026-05-30T06:44:46.263Z
consuelo.ai,consuelo,first+last,1911,1911,16966,90,16876,18,1890,2020,1928,379,F,66371,298,0.1,available,2026-05-30T06:44:46.263Z
caudill.ai,caudill,last,1913,,,,,,,,,,,1913,18822,6.38,available,2026-05-30T06:44:46.263Z
alarcon.ai,alarcon,last,1917,,,,,,,,,,,1917,18805,6.38,available,2026-05-30T06:44:46.263Z
braylon.ai,braylon,first,1931,1931,16722,16576,146,521,1981,2020,2009,1693,M,,,,available,2026-05-30T06:44:46.263Z
lavonne.ai,lavonne,first,1933,1933,16657,217,16440,0,1900,2019,1935,487,F,,,,available,2026-05-30T06:44:46.263Z
jacklyn.ai,jacklyn,first+last,1934,1934,16646,5,16641,92,1913,2020,1987,488,F,137327,122,0.04,available,2026-05-30T06:44:46.263Z
deshawn.ai,deshawn,first,1937,1937,16625,15442,1183,174,1962,2020,1997,563,M,,,,available,2026-05-30T06:44:46.263Z
banuelos.ai,banuelos,last,1939,,,,,,,,,,,1939,18636,6.32,available,2026-05-30T06:44:46.263Z
earline.ai,earline,first,1940,1940,16582,59,16523,0,1889,1995,1927,470,F,,,,available,2026-05-30T06:44:46.263Z
rhoades.ai,rhoades,last,1949,,,,,,,,,,,1949,18508,6.27,available,2026-05-30T06:44:46.263Z
ordonez.ai,ordonez,last,1952,,,,,,,,,,,1952,18498,6.27,available,2026-05-30T06:44:46.263Z
chavarria.ai,chavarria,last,1953,,,,,,,,,,,1953,18492,6.27,available,2026-05-30T06:44:46.263Z
cathryn.ai,cathryn,first,1960,1960,16246,0,16246,20,1882,2020,1956,368,F,,,,available,2026-05-30T06:44:46.263Z
negron.ai,negron,last,1963,,,,,,,,,,,1963,18413,6.24,available,2026-05-30T06:44:46.263Z
triplett.ai,triplett,last,1965,,,,,,,,,,,1965,18408,6.24,available,2026-05-30T06:44:46.263Z
kaitlynn.ai,kaitlynn,first,1967,1967,16165,5,16160,98,1982,2020,1999,822,F,,,,available,2026-05-30T06:44:46.263Z
madisyn.ai,madisyn,first,1970,1970,16077,5,16072,379,1986,2020,2010,949,F,,,,available,2026-05-30T06:44:46.263Z
najera.ai,najera,first+last,1971,95518,5,0,5,0,1995,1995,1995,5,F,1971,18340,6.22,available,2026-05-30T06:44:46.263Z
richey.ai,richey,first+last,1977,17623,474,474,0,0,1923,2015,1963,27,M,1977,18296,6.2,available,2026-05-30T06:44:46.263Z
kaleigh.ai,kaleigh,first,1980,1980,15857,6,15851,121,1980,2020,2001,729,F,,,,available,2026-05-30T06:44:46.263Z
addyson.ai,addyson,first,1981,1981,15850,33,15817,338,1990,2020,2010,1618,F,,,,available,2026-05-30T06:44:46.263Z
graciela.ai,graciela,first,1984,1984,15829,39,15790,103,1916,2020,1998,428,F,,,,available,2026-05-30T06:44:46.263Z
madelynn.ai,madelynn,first,1985,1985,15813,0,15813,630,1920,2020,2009,862,F,,,,available,2026-05-30T06:44:46.263Z
covarrubias.ai,covarrubias,last,1985,,,,,,,,,,,1985,18189,6.17,available,2026-05-30T06:44:46.263Z
roseann.ai,roseann,first,1986,1986,15800,0,15800,15,1905,2020,1943,555,F,,,,available,2026-05-30T06:44:46.263Z
mcrae.ai,mcrae,first+last,1987,56943,31,26,5,0,1952,2012,2008,6,M,1987,18156,6.16,available,2026-05-30T06:44:46.263Z
margery.ai,margery,first,1988,1988,15775,0,15775,9,1880,2020,1921,564,F,,,,available,2026-05-30T06:44:46.263Z
barraza.ai,barraza,last,2004,,,,,,,,,,,2004,18030,6.11,available,2026-05-30T06:44:46.263Z
abreu.ai,abreu,last,2008,,,,,,,,,,,2008,17998,6.1,available,2026-05-30T06:44:46.263Z
joesph.ai,joesph,first,2011,2011,15584,15572,12,24,1881,2020,1957,321,M,,,,available,2026-05-30T06:44:46.263Z
longoria.ai,longoria,last,2025,,,,,,,,,,,2025,17818,6.04,available,2026-05-30T06:44:46.263Z
sneed.ai,sneed,first+last,2027,98097,5,5,0,0,1919,1919,1919,5,M,2027,17804,6.04,available,2026-05-30T06:44:46.263Z
munson.ai,munson,first+last,2030,64463,20,20,0,0,1918,1931,1918,5,M,2030,17745,6.02,available,2026-05-30T06:44:46.263Z
brynlee.ai,brynlee,first,2032,2032,15375,15,15360,1490,1995,2020,2019,1572,F,,,,available,2026-05-30T06:44:46.263Z
cerda.ai,cerda,last,2035,,,,,,,,,,,2035,17703,6,available,2026-05-30T06:44:46.263Z
cagle.ai,cagle,last,2039,,,,,,,,,,,2039,17647,5.98,available,2026-05-30T06:44:46.263Z
amiyah.ai,amiyah,first,2040,2040,15269,0,15269,989,1994,2020,2016,1234,F,,,,available,2026-05-30T06:44:46.263Z
bauman.ai,bauman,last,2040,,,,,,,,,,,2040,17641,5.98,available,2026-05-30T06:44:46.263Z
jaqueline.ai,jaqueline,first,2047,2047,15185,23,15162,69,1923,2020,2000,1200,F,,,,available,2026-05-30T06:44:46.263Z
carlene.ai,carlene,first,2048,2048,15176,0,15176,12,1895,2020,1955,371,F,,,,available,2026-05-30T06:44:46.263Z
donnell.ai,donnell,first+last,2050,2050,15170,14144,1026,46,1912,2020,1982,290,M,5361,6494,2.2,available,2026-05-30T06:44:46.263Z
begay.ai,begay,last,2053,,,,,,,,,,,2053,17553,5.95,available,2026-05-30T06:44:46.263Z
rosalinda.ai,rosalinda,first,2053,2053,15159,5,15154,101,1914,2020,2000,334,F,,,,available,2026-05-30T06:44:46.263Z
argueta.ai,argueta,last,2054,,,,,,,,,,,2054,17540,5.95,available,2026-05-30T06:44:46.263Z
cheyanne.ai,cheyanne,first,2058,2058,15094,0,15094,78,1956,2020,1999,931,F,,,,available,2026-05-30T06:44:46.263Z
whittington.ai,whittington,last,2059,,,,,,,,,,,2059,17517,5.94,available,2026-05-30T06:44:46.263Z
colten.ai,colten,first+last,2063,2063,15063,15063,0,316,1978,2020,2009,757,M,80131,237,0.08,available,2026-05-30T06:44:46.263Z
katheryn.ai,katheryn,first,2069,2069,15004,0,15004,47,1880,2020,1990,213,F,,,,available,2026-05-30T06:44:46.263Z
jeffers.ai,jeffers,last,2073,,,,,,,,,,,2073,17455,5.92,available,2026-05-30T06:44:46.263Z
ceja.ai,ceja,last,2078,,,,,,,,,,,2078,17423,5.91,available,2026-05-30T06:44:46.263Z
okeefe.ai,okeefe,last,2079,,,,,,,,,,,2079,17414,5.9,available,2026-05-30T06:44:46.263Z
burroughs.ai,burroughs,last,2087,,,,,,,,,,,2087,17336,5.88,available,2026-05-30T06:44:46.263Z
bagley.ai,bagley,last,2089,,,,,,,,,,,2089,17324,5.87,available,2026-05-30T06:44:46.263Z
deanne.ai,deanne,first,2091,2091,14851,5,14846,0,1919,2019,1962,599,F,,,,available,2026-05-30T06:44:46.263Z
saldivar.ai,saldivar,last,2097,,,,,,,,,,,2097,17250,5.85,available,2026-05-30T06:44:46.263Z
huddleston.ai,huddleston,last,2102,,,,,,,,,,,2102,17231,5.84,available,2026-05-30T06:44:46.263Z
deidre.ai,deidre,first,2105,2105,14661,11,14650,0,1933,2016,1963,541,F,,,,available,2026-05-30T06:44:46.263Z
mireles.ai,mireles,last,2105,,,,,,,,,,,2105,17186,5.83,available,2026-05-30T06:44:46.263Z
mclain.ai,mclain,first+last,2109,27239,213,199,14,0,1982,2018,2002,12,M,2109,17152,5.81,available,2026-05-30T06:44:46.263Z
jaelyn.ai,jaelyn,first,2113,2113,14586,1241,13345,289,1963,2020,2008,1014,F,,,,available,2026-05-30T06:44:46.263Z
corine.ai,corine,first,2116,2116,14545,17,14528,6,1880,2020,1920,376,F,,,,available,2026-05-30T06:44:46.263Z
jazlyn.ai,jazlyn,first,2119,2119,14540,0,14540,543,1981,2020,2008,860,F,,,,available,2026-05-30T06:44:46.263Z
bustos.ai,bustos,last,2129,,,,,,,,,,,2129,17040,5.78,available,2026-05-30T06:44:46.263Z
vandyke.ai,vandyke,last,2131,,,,,,,,,,,2131,17030,5.77,available,2026-05-30T06:44:46.263Z
troyer.ai,troyer,last,2132,,,,,,,,,,,2132,16981,5.76,available,2026-05-30T06:44:46.263Z
lyndsey.ai,lyndsey,first+last,2136,2136,14324,32,14292,23,1964,2020,1990,687,F,138304,121,0.04,available,2026-05-30T06:44:46.263Z
lunsford.ai,lunsford,first+last,2137,55419,34,34,0,0,1913,1944,1918,7,M,2137,16962,5.75,available,2026-05-30T06:44:46.263Z
cottrell.ai,cottrell,first+last,2141,33074,141,141,0,0,1918,2014,1922,8,M,2141,16930,5.74,available,2026-05-30T06:44:46.263Z
whitlock.ai,whitlock,last,2142,,,,,,,,,,,2142,16927,5.74,available,2026-05-30T06:44:46.263Z
frias.ai,frias,last,2144,,,,,,,,,,,2144,16911,5.73,available,2026-05-30T06:44:46.263Z
knutson.ai,knutson,last,2145,,,,,,,,,,,2145,16910,5.73,available,2026-05-30T06:44:46.263Z
earlene.ai,earlene,first,2149,2149,14170,5,14165,0,1901,2007,1947,407,F,,,,available,2026-05-30T06:44:46.263Z
haskins.ai,haskins,last,2154,,,,,,,,,,,2154,16842,5.71,available,2026-05-30T06:44:46.263Z
haleigh.ai,haleigh,first,2159,2159,14063,9,14054,80,1978,2020,2000,789,F,,,,available,2026-05-30T06:44:46.263Z
dupree.ai,dupree,first+last,2161,12400,833,833,0,10,1914,2020,1989,22,M,2161,16794,5.69,available,2026-05-30T06:44:46.263Z
meaghan.ai,meaghan,first,2162,2162,14041,7,14034,13,1955,2020,1986,744,F,,,,available,2026-05-30T06:44:46.263Z
crandall.ai,crandall,first+last,2163,23077,292,292,0,0,1915,2007,1969,10,M,2163,16781,5.69,available,2026-05-30T06:44:46.263Z
burnette.ai,burnette,first+last,2172,11061,997,233,764,0,1906,1970,1923,29,F,2172,16717,5.67,available,2026-05-30T06:44:46.263Z
janessa.ai,janessa,first,2178,2178,13875,0,13875,206,1954,2020,2009,556,F,,,,available,2026-05-30T06:44:46.263Z
edythe.ai,edythe,first,2184,2184,13841,0,13841,6,1880,2020,1918,582,F,,,,available,2026-05-30T06:44:46.263Z
nevarez.ai,nevarez,last,2188,,,,,,,,,,,2188,16607,5.63,available,2026-05-30T06:44:46.263Z
alaniz.ai,alaniz,first+last,2189,50994,44,0,44,0,2002,2014,2006,10,F,2189,16596,5.63,available,2026-05-30T06:44:46.263Z
honeycutt.ai,honeycutt,last,2192,,,,,,,,,,,2192,16587,5.62,available,2026-05-30T06:44:46.263Z
balderas.ai,balderas,last,2196,,,,,,,,,,,2196,16576,5.62,available,2026-05-30T06:44:46.263Z
pappas.ai,pappas,last,2198,,,,,,,,,,,2198,16559,5.61,available,2026-05-30T06:44:46.263Z
braydon.ai,braydon,first,2198,2198,13663,13640,23,182,1977,2020,2009,1032,M,,,,available,2026-05-30T06:44:46.263Z
braeden.ai,braeden,first,2202,2202,13564,13334,230,80,1973,2020,2005,1004,M,,,,available,2026-05-30T06:44:46.263Z
kailyn.ai,kailyn,first,2203,2203,13551,85,13466,193,1981,2020,2011,792,F,,,,available,2026-05-30T06:44:46.263Z
burkhart.ai,burkhart,last,2204,,,,,,,,,,,2204,16526,5.6,available,2026-05-30T06:44:46.263Z
sheree.ai,sheree,first,2205,2205,13548,0,13548,0,1935,2016,1956,1372,F,,,,available,2026-05-30T06:44:46.263Z
anguiano.ai,anguiano,last,2208,,,,,,,,,,,2208,16479,5.59,available,2026-05-30T06:44:46.263Z
tamayo.ai,tamayo,last,2210,,,,,,,,,,,2210,16474,5.58,available,2026-05-30T06:44:46.263Z
perdue.ai,perdue,last,2211,,,,,,,,,,,2211,16464,5.58,available,2026-05-30T06:44:46.263Z
hogue.ai,hogue,last,2213,,,,,,,,,,,2213,16457,5.58,available,2026-05-30T06:44:46.263Z
orourke.ai,orourke,last,2213,,,,,,,,,,,2213,16457,5.58,available,2026-05-30T06:44:46.263Z
jamari.ai,jamari,first,2216,2216,13387,12593,794,492,1979,2020,2008,773,M,,,,available,2026-05-30T06:44:46.263Z
huston.ai,huston,first+last,2218,5922,2643,2643,0,10,1880,2020,1922,60,M,2218,16435,5.57,available,2026-05-30T06:44:46.263Z
foote.ai,foote,last,2219,,,,,,,,,,,2219,16425,5.57,available,2026-05-30T06:44:46.263Z
ontiveros.ai,ontiveros,last,2225,,,,,,,,,,,2225,16382,5.55,available,2026-05-30T06:44:46.263Z
georgette.ai,georgette,first+last,2227,2227,13277,0,13277,23,1888,2020,1948,307,F,110286,160,0.05,available,2026-05-30T06:44:46.263Z
demarcus.ai,demarcus,first+last,2229,2229,13241,13212,29,137,1956,2020,1991,511,M,46219,461,0.16,available,2026-05-30T06:44:46.263Z
ruffin.ai,ruffin,first+last,2231,16047,555,555,0,0,1886,2013,1916,19,M,2231,16324,5.53,available,2026-05-30T06:44:46.263Z
roxanna.ai,roxanna,first,2239,2239,13171,7,13164,64,1880,2020,1988,316,F,,,,available,2026-05-30T06:44:46.263Z
montanez.ai,montanez,first+last,2240,95310,5,5,0,0,1993,1993,1993,5,M,2240,16281,5.52,available,2026-05-30T06:44:46.263Z
woodall.ai,woodall,last,2243,,,,,,,,,,,2243,16260,5.51,available,2026-05-30T06:44:46.263Z
kennedi.ai,kennedi,first,2245,2245,13108,15,13093,574,1989,2020,2015,848,F,,,,available,2026-05-30T06:44:46.263Z
marilynn.ai,marilynn,first,2248,2248,13051,0,13051,53,1914,2020,1947,407,F,,,,available,2026-05-30T06:44:46.263Z
bridgett.ai,bridgett,first+last,2249,2249,13050,0,13050,17,1942,2020,1970,482,F,27950,858,0.29,available,2026-05-30T06:44:46.263Z
adame.ai,adame,last,2250,,,,,,,,,,,2250,16193,5.49,available,2026-05-30T06:44:46.263Z
bynum.ai,bynum,first+last,2251,26582,223,223,0,0,1899,1952,1924,16,M,2251,16166,5.48,available,2026-05-30T06:44:46.263Z
roselyn.ai,roselyn,first,2251,2251,13032,0,13032,383,1894,2020,2018,458,F,,,,available,2026-05-30T06:44:46.263Z
farias.ai,farias,last,2252,,,,,,,,,,,2252,16153,5.48,available,2026-05-30T06:44:46.263Z
brannon.ai,brannon,first+last,2253,4076,4741,4625,116,16,1934,2020,1998,158,M,2253,16136,5.47,available,2026-05-30T06:44:46.263Z
maryellen.ai,maryellen,first+last,2253,2253,13022,0,13022,23,1891,2020,1960,469,F,129047,132,0.04,available,2026-05-30T06:44:46.263Z
cazares.ai,cazares,last,2254,,,,,,,,,,,2254,16134,5.47,available,2026-05-30T06:44:46.263Z
willoughby.ai,willoughby,first+last,2257,24373,264,211,53,10,1915,2020,1923,15,M,2257,16111,5.46,available,2026-05-30T06:44:46.263Z
dozier.ai,dozier,first+last,2259,20630,361,361,0,0,1884,1966,1917,15,M,2259,16091,5.45,available,2026-05-30T06:44:46.263Z
krystle.ai,krystle,first,2259,2259,12982,44,12938,0,1969,2016,1985,2579,F,,,,available,2026-05-30T06:44:46.263Z
holguin.ai,holguin,last,2260,,,,,,,,,,,2260,16090,5.45,available,2026-05-30T06:44:46.263Z
hairston.ai,hairston,last,2260,,,,,,,,,,,2260,16090,5.45,available,2026-05-30T06:44:46.263Z
catharine.ai,catharine,first,2260,2260,12966,0,12966,10,1880,2020,1915,281,F,,,,available,2026-05-30T06:44:46.263Z
madyson.ai,madyson,first,2264,2264,12926,0,12926,123,1985,2020,2007,905,F,,,,available,2026-05-30T06:44:46.263Z
lyles.ai,lyles,first+last,2265,74743,11,11,0,0,1925,1983,1925,6,M,2265,16062,5.45,available,2026-05-30T06:44:46.263Z
lakeisha.ai,lakeisha,first,2270,2270,12858,37,12821,7,1967,2020,1979,824,F,,,,available,2026-05-30T06:44:46.263Z
desirae.ai,desirae,first,2273,2273,12845,0,12845,72,1955,2020,1993,540,F,,,,available,2026-05-30T06:44:46.263Z
robledo.ai,robledo,last,2277,,,,,,,,,,,2277,16001,5.42,available,2026-05-30T06:44:46.263Z
espino.ai,espino,last,2278,,,,,,,,,,,2278,15997,5.42,available,2026-05-30T06:44:46.263Z
wilda.ai,wilda,first+last,2281,2281,12767,15,12752,0,1880,2015,1926,411,F,52383,396,0.13,available,2026-05-30T06:44:46.263Z
boudreaux.ai,boudreaux,last,2282,,,,,,,,,,,2282,15976,5.42,available,2026-05-30T06:44:46.263Z
linwood.ai,linwood,first+last,2283,2283,12738,12733,5,10,1880,2020,1948,276,M,33731,675,0.23,available,2026-05-30T06:44:46.263Z
espinal.ai,espinal,last,2289,,,,,,,,,,,2289,15924,5.4,available,2026-05-30T06:44:46.263Z
carlee.ai,carlee,first+last,2290,2290,12621,308,12313,166,1902,2020,2009,464,F,80926,234,0.08,available,2026-05-30T06:44:46.263Z
prather.ai,prather,first+last,2298,44958,65,65,0,0,1916,1959,1921,12,M,2298,15860,5.38,available,2026-05-30T06:44:46.263Z
wetzel.ai,wetzel,first+last,2300,29501,181,181,0,0,1916,1965,1928,11,M,2300,15849,5.37,available,2026-05-30T06:44:46.263Z
izaiah.ai,izaiah,first,2308,2308,12413,12403,10,595,1984,2020,2009,742,M,,,,available,2026-05-30T06:44:46.263Z
stoltzfus.ai,stoltzfus,last,2311,,,,,,,,,,,2311,15786,5.35,available,2026-05-30T06:44:46.263Z
tristin.ai,tristin,first,2312,2312,12354,9535,2819,66,1968,2020,1996,630,M,,,,available,2026-05-30T06:44:46.263Z
davion.ai,davion,first+last,2313,2313,12353,12137,216,231,1970,2020,2008,649,M,146201,113,0.04,available,2026-05-30T06:44:46.263Z
burnham.ai,burnham,first+last,2315,34259,130,130,0,0,1912,1951,1918,15,M,2315,15775,5.35,available,2026-05-30T06:44:46.263Z
grubbs.ai,grubbs,last,2316,,,,,,,,,,,2316,15773,5.35,available,2026-05-30T06:44:46.263Z
kailee.ai,kailee,first,2320,2320,12319,28,12291,164,1976,2020,2003,584,F,,,,available,2026-05-30T06:44:46.263Z
lakisha.ai,lakisha,first,2321,2321,12319,12,12307,0,1967,2016,1977,1148,F,,,,available,2026-05-30T06:44:46.263Z
cornett.ai,cornett,last,2322,,,,,,,,,,,2322,15733,5.33,available,2026-05-30T06:44:46.263Z
gracelyn.ai,gracelyn,first,2324,2324,12276,0,12276,958,1924,2020,2018,976,F,,,,available,2026-05-30T06:44:46.263Z
henriquez.ai,henriquez,last,2329,,,,,,,,,,,2329,15657,5.31,available,2026-05-30T06:44:46.263Z
skelton.ai,skelton,last,2330,,,,,,,,,,,2330,15624,5.3,available,2026-05-30T06:44:46.263Z
sharlene.ai,sharlene,first,2336,2336,12128,0,12128,17,1917,2020,1956,380,F,,,,available,2026-05-30T06:44:46.263Z
lawanda.ai,lawanda,first,2338,2338,12093,6,12087,0,1917,2009,1977,592,F,,,,available,2026-05-30T06:44:46.263Z
monahan.ai,monahan,last,2347,,,,,,,,,,,2347,15533,5.27,available,2026-05-30T06:44:46.263Z
ceballos.ai,ceballos,last,2350,,,,,,,,,,,2350,15515,5.26,available,2026-05-30T06:44:46.263Z
janiyah.ai,janiyah,first,2359,2359,11941,0,11941,384,1995,2020,2009,994,F,,,,available,2026-05-30T06:44:46.263Z
lizette.ai,lizette,first,2360,2360,11940,5,11935,54,1889,2020,1999,506,F,,,,available,2026-05-30T06:44:46.263Z
abbigail.ai,abbigail,first,2365,2365,11877,5,11872,94,1959,2020,2009,676,F,,,,available,2026-05-30T06:44:46.263Z
elizondo.ai,elizondo,last,2365,,,,,,,,,,,2365,15419,5.23,available,2026-05-30T06:44:46.263Z
trinh.ai,trinh,first+last,2368,18321,443,0,443,0,1976,2015,1982,26,F,2368,15392,5.22,available,2026-05-30T06:44:46.263Z
maudie.ai,maudie,first,2369,2369,11802,0,11802,7,1880,2020,1918,354,F,,,,available,2026-05-30T06:44:46.263Z
landyn.ai,landyn,first,2381,2381,11727,10474,1253,524,1984,2020,2012,829,M,,,,available,2026-05-30T06:44:46.263Z
pantoja.ai,pantoja,last,2383,,,,,,,,,,,2383,15249,5.17,available,2026-05-30T06:44:46.263Z
deangelo.ai,deangelo,first+last,2383,2383,11704,11683,21,171,1960,2020,1990,478,M,4327,8205,2.78,available,2026-05-30T06:44:46.263Z
negrete.ai,negrete,last,2384,,,,,,,,,,,2384,15245,5.17,available,2026-05-30T06:44:46.263Z
annamarie.ai,annamarie,first,2386,2386,11690,0,11690,76,1906,2020,1996,222,F,,,,available,2026-05-30T06:44:46.263Z
angelita.ai,angelita,first,2391,2391,11629,37,11592,26,1883,2020,1975,182,F,,,,available,2026-05-30T06:44:46.263Z
guillory.ai,guillory,last,2391,,,,,,,,,,,2391,15161,5.14,available,2026-05-30T06:44:46.263Z
kearns.ai,kearns,last,2394,,,,,,,,,,,2394,15136,5.13,available,2026-05-30T06:44:46.263Z
lentz.ai,lentz,last,2396,,,,,,,,,,,2396,15126,5.13,available,2026-05-30T06:44:46.263Z
delgadillo.ai,delgadillo,last,2399,,,,,,,,,,,2399,15123,5.13,available,2026-05-30T06:44:46.263Z
fajardo.ai,fajardo,last,2402,,,,,,,,,,,2402,15100,5.12,available,2026-05-30T06:44:46.263Z
briones.ai,briones,last,2403,,,,,,,,,,,2403,15098,5.12,available,2026-05-30T06:44:46.263Z
rosalee.ai,rosalee,first,2405,2405,11480,0,11480,342,1880,2020,2020,342,F,,,,available,2026-05-30T06:44:46.263Z
kaylynn.ai,kaylynn,first,2406,2406,11463,5,11458,209,1947,2020,2009,590,F,,,,available,2026-05-30T06:44:46.263Z
dobbins.ai,dobbins,last,2407,,,,,,,,,,,2407,15076,5.11,available,2026-05-30T06:44:46.263Z
urbina.ai,urbina,last,2409,,,,,,,,,,,2409,15055,5.1,available,2026-05-30T06:44:46.263Z
mattingly.ai,mattingly,first+last,2411,21406,338,53,285,8,1995,2020,2009,24,F,2411,15050,5.1,available,2026-05-30T06:44:46.263Z
solorzano.ai,solorzano,last,2412,,,,,,,,,,,2412,15045,5.1,available,2026-05-30T06:44:46.263Z
maranda.ai,maranda,first+last,2413,2413,11413,0,11413,11,1886,2020,1994,616,F,33280,687,0.23,available,2026-05-30T06:44:46.263Z
waggoner.ai,waggoner,last,2417,,,,,,,,,,,2417,14983,5.08,available,2026-05-30T06:44:46.263Z
braylen.ai,braylen,first,2418,2418,11375,10753,622,605,1991,2020,2011,1011,M,,,,available,2026-05-30T06:44:46.263Z
jayleen.ai,jayleen,first,2419,2419,11365,199,11166,540,1954,2020,2011,802,F,,,,available,2026-05-30T06:44:46.263Z
mekhi.ai,mekhi,first,2422,2422,11329,11216,113,298,1995,2020,2005,861,M,,,,available,2026-05-30T06:44:46.263Z
yazzie.ai,yazzie,first+last,2424,99925,5,5,0,0,1935,1935,1935,5,M,2424,14949,5.07,available,2026-05-30T06:44:46.263Z
wilburn.ai,wilburn,first+last,2428,2561,10333,10318,15,0,1880,2008,1926,317,M,2428,14928,5.06,available,2026-05-30T06:44:46.263Z
devonte.ai,devonte,first,2430,2430,11271,11239,32,116,1980,2020,1992,1325,M,,,,available,2026-05-30T06:44:46.263Z
michaud.ai,michaud,last,2431,,,,,,,,,,,2431,14910,5.05,available,2026-05-30T06:44:46.263Z
farrar.ai,farrar,first+last,2434,76933,10,0,10,0,1976,1977,1976,5,F,2434,14892,5.05,available,2026-05-30T06:44:46.263Z
dannie.ai,dannie,first,2436,2436,11223,9006,2217,45,1885,2020,1953,287,M,,,,available,2026-05-30T06:44:46.263Z
cristopher.ai,cristopher,first,2437,2437,11212,11212,0,146,1950,2020,2007,576,M,,,,available,2026-05-30T06:44:46.263Z
breana.ai,breana,first,2440,2440,11156,0,11156,16,1973,2020,1996,698,F,,,,available,2026-05-30T06:44:46.263Z
beebe.ai,beebe,first+last,2441,54237,36,5,31,0,1922,1962,1924,6,F,2441,14847,5.03,available,2026-05-30T06:44:46.263Z
chavis.ai,chavis,first+last,2442,11854,895,895,0,6,1957,2020,1980,41,M,2442,14844,5.03,available,2026-05-30T06:44:46.263Z
yaretzi.ai,yaretzi,first,2446,2446,11095,0,11095,596,1998,2020,2012,1058,F,,,,available,2026-05-30T06:44:46.263Z
rigoberto.ai,rigoberto,first,2448,2448,11056,11049,7,81,1924,2020,2001,297,M,,,,available,2026-05-30T06:44:46.263Z
marlena.ai,marlena,first,2449,2449,11040,0,11040,71,1925,2020,1978,470,F,,,,available,2026-05-30T06:44:46.263Z
mojica.ai,mojica,last,2450,,,,,,,,,,,2450,14737,5,available,2026-05-30T06:44:46.263Z
marquita.ai,marquita,first,2450,2450,11040,30,11010,0,1919,2015,1983,2543,F,,,,available,2026-05-30T06:44:46.263Z
demarco.ai,demarco,first+last,2452,3761,5390,5390,0,44,1955,2020,1998,194,M,2452,14731,4.99,available,2026-05-30T06:44:46.263Z
almanza.ai,almanza,last,2454,,,,,,,,,,,2454,14708,4.99,available,2026-05-30T06:44:46.263Z
adelynn.ai,adelynn,first,2455,2455,11009,0,11009,857,1990,2020,2015,1138,F,,,,available,2026-05-30T06:44:46.263Z
yahir.ai,yahir,first,2458,2458,11002,10952,50,254,1992,2020,2003,1274,M,,,,available,2026-05-30T06:44:46.263Z
gaytan.ai,gaytan,last,2460,,,,,,,,,,,2460,14647,4.97,available,2026-05-30T06:44:46.263Z
jayceon.ai,jayceon,first,2463,2463,10960,10925,35,761,2005,2020,2014,2012,M,,,,available,2026-05-30T06:44:46.263Z
perales.ai,perales,last,2467,,,,,,,,,,,2467,14593,4.95,available,2026-05-30T06:44:46.263Z
stclair.ai,stclair,first+last,2469,25314,246,246,0,0,1895,1994,1922,16,M,2469,14590,4.95,available,2026-05-30T06:44:46.263Z
mayme.ai,mayme,first,2474,2474,10906,0,10906,7,1880,2020,1915,291,F,,,,available,2026-05-30T06:44:46.263Z
parnell.ai,parnell,first+last,2475,8590,1479,1422,57,0,1912,2017,1963,39,M,2475,14560,4.94,available,2026-05-30T06:44:46.263Z
noriega.ai,noriega,last,2477,,,,,,,,,,,2477,14559,4.94,available,2026-05-30T06:44:46.263Z
gayla.ai,gayla,first,2484,2484,10844,6,10838,0,1921,2014,1954,617,F,,,,available,2026-05-30T06:44:46.263Z
centeno.ai,centeno,last,2488,,,,,,,,,,,2488,14510,4.92,available,2026-05-30T06:44:46.263Z
everette.ai,everette,first+last,2490,2490,10828,10529,299,122,1880,2020,1919,211,M,8758,3745,1.27,available,2026-05-30T06:44:46.263Z
hostetler.ai,hostetler,last,2490,,,,,,,,,,,2490,14505,4.92,available,2026-05-30T06:44:46.263Z
zariah.ai,zariah,first,2491,2491,10819,77,10742,665,1992,2020,2018,725,F,,,,available,2026-05-30T06:44:46.263Z
higginbotham.ai,higginbotham,last,2492,,,,,,,,,,,2492,14489,4.91,available,2026-05-30T06:44:46.263Z
carnes.ai,carnes,first+last,2493,88244,5,5,0,0,1924,1924,1924,5,M,2493,14487,4.91,available,2026-05-30T06:44:46.263Z
ivette.ai,ivette,first,2496,2496,10761,10,10751,83,1945,2020,1991,409,F,,,,available,2026-05-30T06:44:46.263Z
kamden.ai,kamden,first,2497,2497,10760,10140,620,643,1986,2020,2013,899,M,,,,available,2026-05-30T06:44:46.263Z
luong.ai,luong,first+last,2499,94342,5,5,0,0,1983,1983,1983,5,M,2499,14464,4.9,available,2026-05-30T06:44:46.263Z
resendiz.ai,resendiz,last,2500,,,,,,,,,,,2500,14457,4.9,available,2026-05-30T06:44:46.263Z
echols.ai,echols,last,2501,,,,,,,,,,,2501,14456,4.9,available,2026-05-30T06:44:46.263Z
coughlin.ai,coughlin,last,2510,,,,,,,,,,,2510,14434,4.89,available,2026-05-30T06:44:46.263Z
garay.ai,garay,last,2515,,,,,,,,,,,2515,14393,4.88,available,2026-05-30T06:44:46.263Z
retha.ai,retha,first,2519,2519,10597,0,10597,0,1884,2014,1924,252,F,,,,available,2026-05-30T06:44:46.263Z
pederson.ai,pederson,last,2520,,,,,,,,,,,2520,14370,4.87,available,2026-05-30T06:44:46.263Z
collazo.ai,collazo,last,2521,,,,,,,,,,,2521,14369,4.87,available,2026-05-30T06:44:46.263Z
mcmahan.ai,mcmahan,last,2522,,,,,,,,,,,2522,14368,4.87,available,2026-05-30T06:44:46.263Z
hershberger.ai,hershberger,last,2523,,,,,,,,,,,2523,14357,4.87,available,2026-05-30T06:44:46.263Z
barger.ai,barger,last,2528,,,,,,,,,,,2528,14324,4.86,available,2026-05-30T06:44:46.263Z
lashawn.ai,lashawn,first,2531,2531,10524,3178,7346,40,1955,2020,1970,494,F,,,,available,2026-05-30T06:44:46.263Z
kennith.ai,kennith,first,2532,2532,10520,10515,5,7,1904,2020,1956,234,M,,,,available,2026-05-30T06:44:46.263Z
mcdonnell.ai,mcdonnell,last,2532,,,,,,,,,,,2532,14309,4.85,available,2026-05-30T06:44:46.263Z
creech.ai,creech,last,2538,,,,,,,,,,,2538,14264,4.84,available,2026-05-30T06:44:46.263Z
janiya.ai,janiya,first,2539,2539,10487,6,10481,123,1990,2020,2008,914,F,,,,available,2026-05-30T06:44:46.263Z
baughman.ai,baughman,last,2543,,,,,,,,,,,2543,14230,4.82,available,2026-05-30T06:44:46.263Z
vernell.ai,vernell,first+last,2544,2544,10462,3338,7124,0,1897,2019,1924,178,F,156044,104,0.04,available,2026-05-30T06:44:46.263Z
nathanial.ai,nathanial,first,2546,2546,10428,10428,0,30,1880,2020,1999,371,M,,,,available,2026-05-30T06:44:46.263Z
leota.ai,leota,first+last,2548,2548,10420,0,10420,5,1880,2020,1918,359,F,46219,461,0.16,available,2026-05-30T06:44:46.263Z
villasenor.ai,villasenor,last,2548,,,,,,,,,,,2548,14180,4.81,available,2026-05-30T06:44:46.263Z
danette.ai,danette,first,2558,2558,10355,0,10355,9,1930,2020,1966,501,F,,,,available,2026-05-30T06:44:46.263Z
trahan.ai,trahan,last,2560,,,,,,,,,,,2560,14114,4.78,available,2026-05-30T06:44:46.263Z
irizarry.ai,irizarry,last,2560,,,,,,,,,,,2560,14114,4.78,available,2026-05-30T06:44:46.263Z
carrol.ai,carrol,first+last,2565,2565,10318,6066,4252,0,1890,2002,1943,200,F,13236,2307,0.78,available,2026-05-30T06:44:46.263Z
daigle.ai,daigle,last,2566,,,,,,,,,,,2566,14084,4.77,available,2026-05-30T06:44:46.263Z
burdick.ai,burdick,last,2567,,,,,,,,,,,2567,14081,4.77,available,2026-05-30T06:44:46.263Z
jaquan.ai,jaquan,first,2570,2570,10290,10232,58,95,1975,2020,1999,567,M,,,,available,2026-05-30T06:44:46.263Z
whitten.ai,whitten,first+last,2571,21002,350,335,15,29,1997,2020,2018,34,M,2571,14054,4.76,available,2026-05-30T06:44:46.263Z
deaton.ai,deaton,first+last,2572,50356,46,46,0,9,1992,2020,2020,9,M,2572,14052,4.76,available,2026-05-30T06:44:46.263Z
breanne.ai,breanne,first,2572,2572,10285,0,10285,16,1973,2020,1991,517,F,,,,available,2026-05-30T06:44:46.263Z
shantel.ai,shantel,first,2573,2573,10269,59,10210,14,1963,2020,1990,486,F,,,,available,2026-05-30T06:44:46.263Z
felecia.ai,felecia,first,2574,2574,10268,0,10268,0,1908,2012,1963,421,F,,,,available,2026-05-30T06:44:46.263Z
satterfield.ai,satterfield,last,2577,,,,,,,,,,,2577,14023,4.75,available,2026-05-30T06:44:46.263Z
moua.ai,moua,first+last,2579,30606,167,167,0,0,1981,2003,1989,19,M,2579,14013,4.75,available,2026-05-30T06:44:46.263Z
ouellette.ai,ouellette,last,2583,,,,,,,,,,,2583,13984,4.74,available,2026-05-30T06:44:46.263Z
deann.ai,deann,first,2587,2587,10180,0,10180,0,1931,2019,1962,438,F,,,,available,2026-05-30T06:44:46.263Z
lofton.ai,lofton,first+last,2590,14726,635,625,10,12,1886,2020,2018,20,M,2590,13900,4.71,available,2026-05-30T06:44:46.263Z
marisela.ai,marisela,first,2592,2592,10159,29,10130,34,1945,2020,1985,410,F,,,,available,2026-05-30T06:44:46.263Z
jaliyah.ai,jaliyah,first,2598,2598,10121,0,10121,564,1994,2020,2011,703,F,,,,available,2026-05-30T06:44:46.263Z
hershel.ai,hershel,first,2601,2601,10105,10100,5,37,1880,2020,1924,226,M,,,,available,2026-05-30T06:44:46.263Z
thibodeaux.ai,thibodeaux,last,2602,,,,,,,,,,,2602,13850,4.7,available,2026-05-30T06:44:46.263Z
randell.ai,randell,first+last,2603,2603,10096,9948,148,15,1912,2020,1960,324,M,11293,2797,0.95,available,2026-05-30T06:44:46.263Z
braswell.ai,braswell,last,2605,,,,,,,,,,,2605,13838,4.69,available,2026-05-30T06:44:46.263Z
zechariah.ai,zechariah,first,2610,2610,10054,10041,13,239,1971,2020,2015,393,M,,,,available,2026-05-30T06:44:46.263Z
everleigh.ai,everleigh,first,2612,2612,10043,0,10043,2799,2008,2020,2020,2799,F,,,,available,2026-05-30T06:44:46.263Z
ashlie.ai,ashlie,first,2615,2615,10019,5,10014,0,1963,2019,1988,565,F,,,,available,2026-05-30T06:44:46.263Z
heriberto.ai,heriberto,first,2616,2616,10019,10003,16,68,1916,2020,1993,249,M,,,,available,2026-05-30T06:44:46.263Z
margret.ai,margret,first,2618,2618,10002,0,10002,12,1880,2020,1921,214,F,,,,available,2026-05-30T06:44:46.263Z
tharp.ai,tharp,last,2619,,,,,,,,,,,2619,13757,4.66,available,2026-05-30T06:44:46.263Z
parrott.ai,parrott,last,2620,,,,,,,,,,,2620,13753,4.66,available,2026-05-30T06:44:46.263Z
singletary.ai,singletary,last,2622,,,,,,,,,,,2622,13749,4.66,available,2026-05-30T06:44:46.263Z
lenard.ai,lenard,first+last,2624,2624,9968,9961,7,10,1880,2020,1925,204,M,9412,3455,1.17,available,2026-05-30T06:44:46.263Z
gunderson.ai,gunderson,last,2624,,,,,,,,,,,2624,13742,4.66,available,2026-05-30T06:44:46.263Z
duenas.ai,duenas,last,2627,,,,,,,,,,,2627,13736,4.66,available,2026-05-30T06:44:46.263Z
johnna.ai,johnna,first,2630,2630,9940,0,9940,18,1919,2020,1963,617,F,,,,available,2026-05-30T06:44:46.263Z
sarmiento.ai,sarmiento,last,2631,,,,,,,,,,,2631,13710,4.65,available,2026-05-30T06:44:46.263Z
gisselle.ai,gisselle,first,2635,2635,9931,0,9931,163,1966,2020,2000,810,F,,,,available,2026-05-30T06:44:46.263Z
chastain.ai,chastain,first+last,2637,76474,10,5,5,0,1997,2002,1997,5,F,2637,13655,4.63,available,2026-05-30T06:44:46.263Z
berniece.ai,berniece,first,2640,2640,9909,0,9909,0,1886,2013,1918,476,F,,,,available,2026-05-30T06:44:46.263Z
sherrill.ai,sherrill,first+last,2640,2821,8846,1914,6932,0,1912,1997,1947,285,F,2640,13631,4.62,available,2026-05-30T06:44:46.263Z
jaylon.ai,jaylon,first,2642,2642,9896,9644,252,141,1976,2020,2002,646,M,,,,available,2026-05-30T06:44:46.263Z
pruett.ai,pruett,last,2644,,,,,,,,,,,2644,13618,4.62,available,2026-05-30T06:44:46.263Z
latanya.ai,latanya,first,2646,2646,9863,23,9840,0,1947,2013,1972,520,F,,,,available,2026-05-30T06:44:46.263Z
crouse.ai,crouse,last,2650,,,,,,,,,,,2650,13598,4.61,available,2026-05-30T06:44:46.263Z
suggs.ai,suggs,last,2652,,,,,,,,,,,2652,13585,4.61,available,2026-05-30T06:44:46.263Z
yancey.ai,yancey,first+last,2656,8372,1537,1503,34,7,1894,2020,1971,48,M,2656,13566,4.6,available,2026-05-30T06:44:46.263Z
kaliyah.ai,kaliyah,first,2656,2656,9791,5,9786,517,1994,2020,2018,586,F,,,,available,2026-05-30T06:44:46.263Z
weinstein.ai,weinstein,last,2659,,,,,,,,,,,2659,13563,4.6,available,2026-05-30T06:44:46.263Z
jarrell.ai,jarrell,first+last,2660,4424,4151,4129,22,21,1913,2020,1987,172,M,2660,13562,4.6,available,2026-05-30T06:44:46.263Z
rolland.ai,rolland,first+last,2660,2660,9768,9763,5,25,1880,2020,1928,264,M,10103,3188,1.08,available,2026-05-30T06:44:46.263Z
solorio.ai,solorio,last,2663,,,,,,,,,,,2663,13537,4.59,available,2026-05-30T06:44:46.263Z
edmondson.ai,edmondson,last,2667,,,,,,,,,,,2667,13524,4.58,available,2026-05-30T06:44:46.263Z
bearden.ai,bearden,last,2670,,,,,,,,,,,2670,13499,4.58,available,2026-05-30T06:44:46.263Z
roldan.ai,roldan,first+last,2671,23365,286,286,0,7,1960,2020,1994,13,M,2671,13498,4.58,available,2026-05-30T06:44:46.263Z
hemphill.ai,hemphill,last,2672,,,,,,,,,,,2672,13495,4.57,available,2026-05-30T06:44:46.263Z
christal.ai,christal,first+last,2675,2675,9651,0,9651,11,1913,2020,1978,352,F,50196,417,0.14,available,2026-05-30T06:44:46.263Z
dowdy.ai,dowdy,last,2678,,,,,,,,,,,2678,13468,4.57,available,2026-05-30T06:44:46.263Z
guajardo.ai,guajardo,last,2679,,,,,,,,,,,2679,13438,4.56,available,2026-05-30T06:44:46.263Z
aparicio.ai,aparicio,last,2680,,,,,,,,,,,2680,13437,4.56,available,2026-05-30T06:44:46.263Z
kristofer.ai,kristofer,first,2681,2681,9626,9626,0,39,1945,2020,1978,349,M,,,,available,2026-05-30T06:44:46.263Z
jacquelin.ai,jacquelin,first,2683,2683,9619,0,9619,19,1913,2020,2000,211,F,,,,available,2026-05-30T06:44:46.263Z
tirado.ai,tirado,last,2685,,,,,,,,,,,2685,13410,4.55,available,2026-05-30T06:44:46.263Z
lemuel.ai,lemuel,first+last,2686,2686,9617,9617,0,64,1880,2020,1921,147,M,91625,201,0.07,available,2026-05-30T06:44:46.263Z
rhoads.ai,rhoads,first+last,2690,78465,10,10,0,5,2014,2020,2014,5,M,2690,13389,4.54,available,2026-05-30T06:44:46.263Z
gilliland.ai,gilliland,last,2698,,,,,,,,,,,2698,13351,4.53,available,2026-05-30T06:44:46.263Z
shanice.ai,shanice,first,2700,2700,9535,5,9530,16,1968,2020,1992,1859,F,,,,available,2026-05-30T06:44:46.263Z
jasso.ai,jasso,last,2707,,,,,,,,,,,2707,13318,4.51,available,2026-05-30T06:44:46.263Z
jaylah.ai,jaylah,first,2715,2715,9416,0,9416,370,1993,2020,2013,1365,F,,,,available,2026-05-30T06:44:46.263Z
nesbitt.ai,nesbitt,first+last,2717,55991,33,33,0,0,1911,1951,1930,8,M,2717,13248,4.49,available,2026-05-30T06:44:46.263Z
archuleta.ai,archuleta,last,2717,,,,,,,,,,,2717,13248,4.49,available,2026-05-30T06:44:46.263Z
byler.ai,byler,last,2722,,,,,,,,,,,2722,13230,4.49,available,2026-05-30T06:44:46.263Z
loera.ai,loera,last,2726,,,,,,,,,,,2726,13218,4.48,available,2026-05-30T06:44:46.263Z
suzanna.ai,suzanna,first,2729,2729,9359,0,9359,49,1892,2020,1973,185,F,,,,available,2026-05-30T06:44:46.263Z
burleson.ai,burleson,last,2734,,,,,,,,,,,2734,13176,4.47,available,2026-05-30T06:44:46.263Z
witherspoon.ai,witherspoon,last,2736,,,,,,,,,,,2736,13171,4.47,available,2026-05-30T06:44:46.263Z
barfield.ai,barfield,last,2737,,,,,,,,,,,2737,13165,4.46,available,2026-05-30T06:44:46.263Z
zeigler.ai,zeigler,last,2742,,,,,,,,,,,2742,13135,4.45,available,2026-05-30T06:44:46.263Z
ulloa.ai,ulloa,last,2743,,,,,,,,,,,2743,13133,4.45,available,2026-05-30T06:44:46.263Z
jaylynn.ai,jaylynn,first,2743,2743,9283,529,8754,173,1963,2020,2009,632,F,,,,available,2026-05-30T06:44:46.263Z
dubose.ai,dubose,last,2748,,,,,,,,,,,2748,13120,4.45,available,2026-05-30T06:44:46.263Z
karon.ai,karon,first+last,2749,2749,9253,3045,6208,41,1933,2020,1948,264,F,57372,355,0.12,available,2026-05-30T06:44:46.263Z
lashonda.ai,lashonda,first,2753,2753,9235,0,9235,0,1964,2016,1977,513,F,,,,available,2026-05-30T06:44:46.263Z
madilynn.ai,madilynn,first,2754,2754,9231,0,9231,592,1987,2020,2014,656,F,,,,available,2026-05-30T06:44:46.263Z
santillan.ai,santillan,last,2756,,,,,,,,,,,2756,13081,4.43,available,2026-05-30T06:44:46.263Z
shyanne.ai,shyanne,first,2758,2758,9199,0,9199,58,1974,2020,1999,525,F,,,,available,2026-05-30T06:44:46.263Z
raymundo.ai,raymundo,first+last,2759,2759,9197,9197,0,57,1912,2020,1994,234,M,8718,3764,1.28,available,2026-05-30T06:44:46.263Z
lassiter.ai,lassiter,last,2760,,,,,,,,,,,2760,13066,4.43,available,2026-05-30T06:44:46.263Z
willett.ai,willett,first+last,2761,31615,156,122,34,0,1913,2012,1918,10,M,2761,13065,4.43,available,2026-05-30T06:44:46.263Z
patrica.ai,patrica,first,2762,2762,9154,10,9144,0,1911,2009,1962,302,F,,,,available,2026-05-30T06:44:46.263Z
maegan.ai,maegan,first,2763,2763,9148,0,9148,6,1970,2020,1991,431,F,,,,available,2026-05-30T06:44:46.263Z
bachman.ai,bachman,last,2763,,,,,,,,,,,2763,13057,4.43,available,2026-05-30T06:44:46.263Z
georgianna.ai,georgianna,first+last,2764,2764,9146,0,9146,26,1880,2020,1942,180,F,103181,174,0.06,available,2026-05-30T06:44:46.263Z
antionette.ai,antionette,first,2768,2768,9124,0,9124,0,1887,2019,1960,233,F,,,,available,2026-05-30T06:44:46.263Z
gracelynn.ai,gracelynn,first,2772,2772,9098,0,9098,1011,1995,2020,2020,1011,F,,,,available,2026-05-30T06:44:46.263Z
dashawn.ai,dashawn,first,2773,2773,9097,8556,541,90,1968,2020,1994,373,M,,,,available,2026-05-30T06:44:46.263Z
addisyn.ai,addisyn,first,2775,2775,9086,0,9086,294,1995,2020,2012,833,F,,,,available,2026-05-30T06:44:46.263Z
karsyn.ai,karsyn,first,2777,2777,9082,1896,7186,833,1990,2020,2018,558,F,,,,available,2026-05-30T06:44:46.263Z
lytle.ai,lytle,first+last,2781,27409,210,210,0,0,1884,1954,1919,14,M,2781,12970,4.4,available,2026-05-30T06:44:46.263Z
jazmyn.ai,jazmyn,first,2781,2781,9067,0,9067,129,1980,2020,2005,475,F,,,,available,2026-05-30T06:44:46.263Z
lipscomb.ai,lipscomb,last,2788,,,,,,,,,,,2788,12948,4.39,available,2026-05-30T06:44:46.263Z
carreon.ai,carreon,last,2789,,,,,,,,,,,2789,12941,4.39,available,2026-05-30T06:44:46.263Z
tiffanie.ai,tiffanie,first,2789,2789,9028,0,9028,6,1962,2020,1980,470,F,,,,available,2026-05-30T06:44:46.263Z
regalado.ai,regalado,last,2791,,,,,,,,,,,2791,12931,4.38,available,2026-05-30T06:44:46.263Z
azariah.ai,azariah,first,2794,2794,8990,3910,5080,682,1972,2020,2020,367,M,,,,available,2026-05-30T06:44:46.263Z
alcantar.ai,alcantar,last,2794,,,,,,,,,,,2794,12919,4.38,available,2026-05-30T06:44:46.263Z
epperson.ai,epperson,last,2798,,,,,,,,,,,2798,12884,4.37,available,2026-05-30T06:44:46.263Z
aguayo.ai,aguayo,last,2799,,,,,,,,,,,2799,12876,4.37,available,2026-05-30T06:44:46.263Z
griselda.ai,griselda,first,2801,2801,8961,61,8900,44,1906,2020,1993,307,F,,,,available,2026-05-30T06:44:46.263Z
ricketts.ai,ricketts,last,2801,,,,,,,,,,,2801,12862,4.36,available,2026-05-30T06:44:46.263Z
marlys.ai,marlys,first,2802,2802,8948,5,8943,0,1910,2018,1937,369,F,,,,available,2026-05-30T06:44:46.263Z
cheatham.ai,cheatham,last,2802,,,,,,,,,,,2802,12852,4.36,available,2026-05-30T06:44:46.263Z
maurine.ai,maurine,first,2803,2803,8948,0,8948,6,1890,2020,1917,313,F,,,,available,2026-05-30T06:44:46.263Z
mabry.ai,mabry,first+last,2804,9654,1234,213,1021,56,1908,2020,2017,81,F,2804,12846,4.35,available,2026-05-30T06:44:46.263Z
jaydon.ai,jaydon,first,2806,2806,8927,8726,201,96,1979,2020,2007,707,M,,,,available,2026-05-30T06:44:46.263Z
tubbs.ai,tubbs,last,2810,,,,,,,,,,,2810,12828,4.35,available,2026-05-30T06:44:46.263Z
katelin.ai,katelin,first,2811,2811,8901,0,8901,5,1977,2020,1993,444,F,,,,available,2026-05-30T06:44:46.263Z
daleyza.ai,daleyza,first,2813,2813,8875,0,8875,816,2012,2020,2014,1466,F,,,,available,2026-05-30T06:44:46.263Z
willingham.ai,willingham,last,2814,,,,,,,,,,,2814,12818,4.35,available,2026-05-30T06:44:46.263Z
ragland.ai,ragland,last,2815,,,,,,,,,,,2815,12816,4.34,available,2026-05-30T06:44:46.263Z
malissa.ai,malissa,first,2824,2824,8834,0,8834,8,1880,2020,1979,307,F,,,,available,2026-05-30T06:44:46.263Z
zaiden.ai,zaiden,first,2826,2826,8826,8782,44,553,2000,2020,2013,964,M,,,,available,2026-05-30T06:44:46.263Z
pedraza.ai,pedraza,last,2829,,,,,,,,,,,2829,12748,4.32,available,2026-05-30T06:44:46.263Z
jaidyn.ai,jaidyn,first,2830,2830,8800,3179,5621,104,1995,2020,2008,549,F,,,,available,2026-05-30T06:44:46.263Z
yareli.ai,yareli,first,2832,2832,8797,0,8797,320,1985,2020,2009,591,F,,,,available,2026-05-30T06:44:46.263Z
jeanna.ai,jeanna,first,2833,2833,8793,0,8793,21,1926,2020,1970,299,F,,,,available,2026-05-30T06:44:46.263Z
baggett.ai,baggett,last,2833,,,,,,,,,,,2833,12717,4.31,available,2026-05-30T06:44:46.263Z
annetta.ai,annetta,first,2836,2836,8784,0,8784,7,1880,2020,1941,183,F,,,,available,2026-05-30T06:44:46.263Z
hammonds.ai,hammonds,last,2839,,,,,,,,,,,2839,12710,4.31,available,2026-05-30T06:44:46.263Z
mcarthur.ai,mcarthur,first+last,2844,6567,2261,2261,0,0,1912,2015,1942,290,M,2844,12683,4.3,available,2026-05-30T06:44:46.263Z
wisniewski.ai,wisniewski,last,2846,,,,,,,,,,,2846,12675,4.3,available,2026-05-30T06:44:46.263Z
lorine.ai,lorine,first,2847,2847,8756,12,8744,0,1889,2018,1922,277,F,,,,available,2026-05-30T06:44:46.263Z
guardado.ai,guardado,last,2848,,,,,,,,,,,2848,12656,4.29,available,2026-05-30T06:44:46.263Z
benavidez.ai,benavidez,last,2849,,,,,,,,,,,2849,12648,4.29,available,2026-05-30T06:44:46.263Z
houck.ai,houck,last,2854,,,,,,,,,,,2854,12634,4.28,available,2026-05-30T06:44:46.263Z
munguia.ai,munguia,last,2857,,,,,,,,,,,2857,12615,4.28,available,2026-05-30T06:44:46.263Z
harriette.ai,harriette,first,2861,2861,8699,0,8699,7,1880,2020,1917,281,F,,,,available,2026-05-30T06:44:46.263Z
kerrie.ai,kerrie,first,2863,2863,8688,104,8584,0,1944,2018,1971,419,F,,,,available,2026-05-30T06:44:46.263Z
trammell.ai,trammell,first+last,2867,36013,116,116,0,0,1918,2012,1989,9,M,2867,12582,4.27,available,2026-05-30T06:44:46.263Z
guinn.ai,guinn,first+last,2868,30502,168,168,0,0,1912,1952,1927,12,M,2868,12577,4.26,available,2026-05-30T06:44:46.263Z
linnie.ai,linnie,first,2872,2872,8634,711,7923,7,1880,2020,1921,180,F,,,,available,2026-05-30T06:44:46.263Z
caraballo.ai,caraballo,last,2872,,,,,,,,,,,2872,12546,4.25,available,2026-05-30T06:44:46.263Z
lizeth.ai,lizeth,first,2873,2873,8632,9,8623,136,1971,2020,2004,435,F,,,,available,2026-05-30T06:44:46.263Z
estevan.ai,estevan,first+last,2875,2875,8627,8617,10,81,1885,2020,2003,282,M,68122,289,0.1,available,2026-05-30T06:44:46.263Z
delois.ai,delois,first,2876,2876,8622,122,8500,0,1912,1999,1948,321,F,,,,available,2026-05-30T06:44:46.263Z
chisholm.ai,chisholm,first+last,2878,66436,17,17,0,0,1985,2017,1985,6,M,2878,12503,4.24,available,2026-05-30T06:44:46.263Z
luanne.ai,luanne,first,2880,2880,8598,0,8598,12,1924,2020,1954,588,F,,,,available,2026-05-30T06:44:46.263Z
mccurdy.ai,mccurdy,last,2880,,,,,,,,,,,2880,12463,4.23,available,2026-05-30T06:44:46.263Z
preciado.ai,preciado,last,2883,,,,,,,,,,,2883,12455,4.22,available,2026-05-30T06:44:46.263Z
berrios.ai,berrios,last,2885,,,,,,,,,,,2885,12451,4.22,available,2026-05-30T06:44:46.263Z
zelaya.ai,zelaya,first+last,2886,46599,59,0,59,10,2008,2020,2018,12,F,2886,12448,4.22,available,2026-05-30T06:44:46.263Z
emmalee.ai,emmalee,first,2887,2887,8569,0,8569,124,1909,2020,2005,440,F,,,,available,2026-05-30T06:44:46.263Z
doretha.ai,doretha,first,2889,2889,8562,0,8562,0,1896,1998,1956,198,F,,,,available,2026-05-30T06:44:46.263Z
clevenger.ai,clevenger,last,2889,,,,,,,,,,,2889,12428,4.21,available,2026-05-30T06:44:46.263Z
ofelia.ai,ofelia,first,2891,2891,8559,5,8554,83,1900,2020,1929,154,F,,,,available,2026-05-30T06:44:46.263Z
armendariz.ai,armendariz,last,2892,,,,,,,,,,,2892,12423,4.21,available,2026-05-30T06:44:46.263Z
denson.ai,denson,first+last,2893,18551,433,433,0,0,1912,2018,1926,13,M,2893,12419,4.21,available,2026-05-30T06:44:46.263Z
jaelynn.ai,jaelynn,first,2893,2893,8551,123,8428,267,1984,2020,2010,592,F,,,,available,2026-05-30T06:44:46.263Z
montiel.ai,montiel,last,2896,,,,,,,,,,,2896,12376,4.2,available,2026-05-30T06:44:46.263Z
sisk.ai,sisk,last,2901,,,,,,,,,,,2901,12365,4.19,available,2026-05-30T06:44:46.263Z
stephon.ai,stephon,first+last,2902,2902,8512,8498,14,73,1955,2020,1997,406,M,140157,119,0.04,available,2026-05-30T06:44:46.263Z
ferraro.ai,ferraro,last,2903,,,,,,,,,,,2903,12355,4.19,available,2026-05-30T06:44:46.263Z
jerrold.ai,jerrold,first,2910,2910,8449,8449,0,0,1911,2019,1954,343,M,,,,available,2026-05-30T06:44:46.263Z
brinson.ai,brinson,first+last,2912,21054,348,342,6,11,1919,2020,2003,15,M,2912,12303,4.17,available,2026-05-30T06:44:46.263Z
paislee.ai,paislee,first,2914,2914,8419,0,8419,807,1990,2020,2016,1131,F,,,,available,2026-05-30T06:44:46.263Z
hezekiah.ai,hezekiah,first+last,2916,2916,8408,8398,10,477,1880,2020,2020,472,M,107134,166,0.06,available,2026-05-30T06:44:46.263Z
alicea.ai,alicea,first+last,2917,10000,1163,0,1163,0,1954,2019,1998,37,F,2917,12287,4.17,available,2026-05-30T06:44:46.263Z
jamaal.ai,jamaal,first,2917,2917,8408,8363,45,34,1970,2020,1982,715,M,,,,available,2026-05-30T06:44:46.263Z
broughton.ai,broughton,first+last,2918,44800,65,65,0,0,1915,2017,1915,10,M,2918,12273,4.16,available,2026-05-30T06:44:46.263Z
oglesby.ai,oglesby,last,2919,,,,,,,,,,,2919,12271,4.16,available,2026-05-30T06:44:46.263Z
richelle.ai,richelle,first,2919,2919,8397,0,8397,14,1942,2020,1969,281,F,,,,available,2026-05-30T06:44:46.263Z
caceres.ai,caceres,last,2920,,,,,,,,,,,2920,12269,4.16,available,2026-05-30T06:44:46.263Z
sherlyn.ai,sherlyn,first,2920,2920,8394,8,8386,158,1936,2020,2006,887,F,,,,available,2026-05-30T06:44:46.263Z
madalynn.ai,madalynn,first,2926,2926,8361,0,8361,254,1921,2020,2009,556,F,,,,available,2026-05-30T06:44:46.263Z
nadeau.ai,nadeau,last,2929,,,,,,,,,,,2929,12236,4.15,available,2026-05-30T06:44:46.263Z
fredric.ai,fredric,first,2929,2929,8325,8325,0,15,1881,2020,1947,223,M,,,,available,2026-05-30T06:44:46.263Z
ragsdale.ai,ragsdale,last,2932,,,,,,,,,,,2932,12227,4.15,available,2026-05-30T06:44:46.263Z
riggins.ai,riggins,first+last,2934,17194,494,489,5,65,2007,2020,2019,68,M,2934,12218,4.14,available,2026-05-30T06:44:46.263Z
brubaker.ai,brubaker,last,2934,,,,,,,,,,,2934,12218,4.14,available,2026-05-30T06:44:46.263Z
semaj.ai,semaj,first,2937,2937,8299,6407,1892,192,1971,2020,2011,374,M,,,,available,2026-05-30T06:44:46.263Z
mccrary.ai,mccrary,last,2937,,,,,,,,,,,2937,12204,4.14,available,2026-05-30T06:44:46.263Z
darleen.ai,darleen,first,2941,2941,8282,0,8282,13,1914,2020,1958,231,F,,,,available,2026-05-30T06:44:46.263Z
talbert.ai,talbert,first+last,2944,12473,826,826,0,0,1910,2019,1954,18,M,2944,12181,4.13,available,2026-05-30T06:44:46.263Z
hopson.ai,hopson,first+last,2946,91134,5,5,0,0,1924,1924,1924,5,M,2946,12180,4.13,available,2026-05-30T06:44:46.263Z
maleah.ai,maleah,first,2950,2950,8237,0,8237,307,1956,2020,2009,508,F,,,,available,2026-05-30T06:44:46.263Z
hamrick.ai,hamrick,last,2950,,,,,,,,,,,2950,12168,4.13,available,2026-05-30T06:44:46.263Z
spurlock.ai,spurlock,last,2957,,,,,,,,,,,2957,12141,4.12,available,2026-05-30T06:44:46.263Z
lakesha.ai,lakesha,first,2961,2961,8174,6,8168,0,1967,2008,1978,679,F,,,,available,2026-05-30T06:44:46.263Z
cristy.ai,cristy,first+last,2962,2962,8165,57,8108,20,1944,2020,1978,402,F,78040,245,0.08,available,2026-05-30T06:44:46.263Z
porras.ai,porras,last,2962,,,,,,,,,,,2962,12106,4.1,available,2026-05-30T06:44:46.263Z
hatton.ai,hatton,first+last,2966,61669,23,23,0,0,1913,2017,1913,6,M,2966,12090,4.1,available,2026-05-30T06:44:46.263Z
audrina.ai,audrina,first,2978,2978,8103,0,8103,167,1983,2020,2011,984,F,,,,available,2026-05-30T06:44:46.263Z
kimbrough.ai,kimbrough,last,2978,,,,,,,,,,,2978,12034,4.08,available,2026-05-30T06:44:46.263Z
landrum.ai,landrum,first+last,2981,33857,134,134,0,0,1913,2018,1913,9,M,2981,12026,4.08,available,2026-05-30T06:44:46.263Z
vernice.ai,vernice,first,2983,2983,8079,789,7290,0,1887,2011,1923,225,F,,,,available,2026-05-30T06:44:46.263Z
devante.ai,devante,first,2984,2984,8072,8015,57,57,1987,2020,1992,1565,M,,,,available,2026-05-30T06:44:46.263Z
streeter.ai,streeter,first+last,2987,98254,5,5,0,0,2008,2008,2008,5,M,2987,11988,4.06,available,2026-05-30T06:44:46.263Z
jacquline.ai,jacquline,first,2993,2993,8029,0,8029,0,1915,2018,1964,390,F,,,,available,2026-05-30T06:44:46.263Z
billingsley.ai,billingsley,last,2995,,,,,,,,,,,2995,11973,4.06,available,2026-05-30T06:44:46.263Z
chowdhury.ai,chowdhury,last,2997,,,,,,,,,,,2997,11961,4.05,available,2026-05-30T06:44:46.263Z
pascual.ai,pascual,first+last,2998,5621,2880,2880,0,41,1888,2020,1993,48,M,2998,11959,4.05,available,2026-05-30T06:44:46.263Z
qualls.ai,qualls,last,2999,,,,,,,,,,,2999,11958,4.05,available,2026-05-30T06:44:46.263Z
persaud.ai,persaud,last,3000,,,,,,,,,,,3000,11956,4.05,available,2026-05-30T06:44:46.263Z
fortner.ai,fortner,last,3001,,,,,,,,,,,3001,11951,4.05,available,2026-05-30T06:44:46.263Z
valladares.ai,valladares,last,3012,,,,,,,,,,,3012,11901,4.03,available,2026-05-30T06:44:46.263Z
deonte.ai,deonte,first,3016,3016,7939,7898,41,82,1973,2020,1995,444,M,,,,available,2026-05-30T06:44:46.263Z
fraley.ai,fraley,last,3020,,,,,,,,,,,3020,11876,4.03,available,2026-05-30T06:44:46.263Z
beckwith.ai,beckwith,last,3020,,,,,,,,,,,3020,11876,4.03,available,2026-05-30T06:44:46.263Z
brumfield.ai,brumfield,last,3027,,,,,,,,,,,3027,11842,4.01,available,2026-05-30T06:44:46.263Z
bolanos.ai,bolanos,last,3029,,,,,,,,,,,3029,11829,4.01,available,2026-05-30T06:44:46.263Z
delvalle.ai,delvalle,last,3033,,,,,,,,,,,3033,11816,4.01,available,2026-05-30T06:44:46.263Z
tomlin.ai,tomlin,last,3036,,,,,,,,,,,3036,11797,4,available,2026-05-30T06:44:46.263Z
taliyah.ai,taliyah,first,3041,3041,7804,0,7804,247,1994,2020,2008,457,F,,,,available,2026-05-30T06:44:46.263Z
otha.ai,otha,first,3043,3043,7789,6386,1403,0,1880,2018,1920,140,M,,,,available,2026-05-30T06:44:46.263Z
mcmillian.ai,mcmillian,last,3043,,,,,,,,,,,3043,11765,3.99,available,2026-05-30T06:44:46.263Z
antonette.ai,antonette,first+last,3044,3044,7783,0,7783,8,1883,2020,1917,152,F,136449,123,0.04,available,2026-05-30T06:44:46.263Z
daquan.ai,daquan,first,3048,3048,7753,7747,6,58,1975,2020,1994,626,M,,,,available,2026-05-30T06:44:46.263Z
hudgins.ai,hudgins,last,3048,,,,,,,,,,,3048,11755,3.99,available,2026-05-30T06:44:46.263Z
yaritza.ai,yaritza,first,3052,3052,7734,5,7729,190,1975,2020,1993,510,F,,,,available,2026-05-30T06:44:46.263Z
dorman.ai,dorman,first+last,3053,7321,1898,1898,0,0,1908,2012,1928,64,M,3053,11739,3.98,available,2026-05-30T06:44:46.263Z
cathrine.ai,cathrine,first,3055,3055,7709,0,7709,0,1880,2019,1956,178,F,,,,available,2026-05-30T06:44:46.263Z
sommers.ai,sommers,first+last,3063,81443,7,0,7,0,1977,1977,1977,7,F,3063,11706,3.97,available,2026-05-30T06:44:46.263Z
xzavier.ai,xzavier,first,3070,3070,7663,7663,0,218,1976,2020,2011,461,M,,,,available,2026-05-30T06:44:46.263Z
hildebrand.ai,hildebrand,last,3072,,,,,,,,,,,3072,11687,3.96,available,2026-05-30T06:44:46.263Z
delmer.ai,delmer,first+last,3076,3076,7645,7629,16,7,1883,2020,1924,205,M,151532,108,0.04,available,2026-05-30T06:44:46.263Z
mcalister.ai,mcalister,first+last,3078,94964,5,5,0,0,2008,2008,2008,5,M,3078,11665,3.95,available,2026-05-30T06:44:46.263Z
mchenry.ai,mchenry,first+last,3082,48908,51,51,0,0,1914,1975,1922,7,M,3082,11660,3.95,available,2026-05-30T06:44:46.263Z
faulk.ai,faulk,last,3084,,,,,,,,,,,3084,11656,3.95,available,2026-05-30T06:44:46.263Z
bigelow.ai,bigelow,last,3086,,,,,,,,,,,3086,11650,3.95,available,2026-05-30T06:44:46.263Z
addilyn.ai,addilyn,first,3090,3090,7583,5,7578,647,1999,2020,2016,1038,F,,,,available,2026-05-30T06:44:46.263Z
dwain.ai,dwain,first,3094,3094,7559,7559,0,7,1913,2020,1959,256,M,,,,available,2026-05-30T06:44:46.263Z
cowart.ai,cowart,last,3095,,,,,,,,,,,3095,11621,3.94,available,2026-05-30T06:44:46.263Z
pulliam.ai,pulliam,last,3099,,,,,,,,,,,3099,11613,3.94,available,2026-05-30T06:44:46.263Z
jaylee.ai,jaylee,first,3101,3101,7514,123,7391,285,1981,2020,2012,504,F,,,,available,2026-05-30T06:44:46.263Z
scanlon.ai,scanlon,last,3101,,,,,,,,,,,3101,11610,3.94,available,2026-05-30T06:44:46.263Z
nolasco.ai,nolasco,last,3102,,,,,,,,,,,3102,11609,3.94,available,2026-05-30T06:44:46.263Z
jacobo.ai,jacobo,first+last,3105,5423,3027,3027,0,96,1910,2020,2010,98,M,3105,11590,3.93,available,2026-05-30T06:44:46.263Z
danita.ai,danita,first,3106,3106,7502,0,7502,0,1932,2019,1961,313,F,,,,available,2026-05-30T06:44:46.263Z
simpkins.ai,simpkins,last,3107,,,,,,,,,,,3107,11585,3.93,available,2026-05-30T06:44:46.263Z
dandre.ai,dandre,first+last,3108,3108,7489,7452,37,90,1957,2020,2000,364,M,151532,108,0.04,available,2026-05-30T06:44:46.263Z
quinonez.ai,quinonez,last,3111,,,,,,,,,,,3111,11576,3.92,available,2026-05-30T06:44:46.263Z
cepeda.ai,cepeda,first+last,3112,60847,24,24,0,0,1963,1969,1969,9,M,3112,11572,3.92,available,2026-05-30T06:44:46.263Z
botello.ai,botello,last,3113,,,,,,,,,,,3113,11569,3.92,available,2026-05-30T06:44:46.263Z
watters.ai,watters,last,3113,,,,,,,,,,,3113,11569,3.92,available,2026-05-30T06:44:46.263Z
grissom.ai,grissom,first+last,3116,59700,26,26,0,5,2005,2020,2009,9,M,3116,11563,3.92,available,2026-05-30T06:44:46.263Z
iesha.ai,iesha,first,3119,3119,7447,15,7432,0,1968,2019,1991,1896,F,,,,available,2026-05-30T06:44:46.263Z
shonda.ai,shonda,first,3120,3120,7444,0,7444,0,1954,2008,1970,510,F,,,,available,2026-05-30T06:44:46.263Z
shyla.ai,shyla,first,3121,3121,7444,0,7444,160,1942,2020,2008,365,F,,,,available,2026-05-30T06:44:46.263Z
mcadams.ai,mcadams,last,3122,,,,,,,,,,,3122,11547,3.91,available,2026-05-30T06:44:46.263Z
lissette.ai,lissette,first,3125,3125,7428,5,7423,20,1956,2020,1989,254,F,,,,available,2026-05-30T06:44:46.263Z
jerold.ai,jerold,first,3127,3127,7425,7425,0,0,1912,2019,1942,228,M,,,,available,2026-05-30T06:44:46.263Z
burkholder.ai,burkholder,last,3128,,,,,,,,,,,3128,11532,3.91,available,2026-05-30T06:44:46.263Z
shackelford.ai,shackelford,last,3130,,,,,,,,,,,3130,11525,3.91,available,2026-05-30T06:44:46.263Z
renita.ai,renita,first,3135,3135,7396,0,7396,0,1925,2019,1960,313,F,,,,available,2026-05-30T06:44:46.263Z
nielson.ai,nielson,last,3137,,,,,,,,,,,3137,11511,3.9,available,2026-05-30T06:44:46.263Z
cristobal.ai,cristobal,first+last,3137,3137,7382,7371,11,113,1908,2020,2001,249,M,9074,3602,1.22,available,2026-05-30T06:44:46.263Z
ruelas.ai,ruelas,last,3140,,,,,,,,,,,3140,11505,3.9,available,2026-05-30T06:44:46.263Z
charleen.ai,charleen,first,3140,3140,7362,0,7362,7,1911,2020,1947,231,F,,,,available,2026-05-30T06:44:46.263Z
grigsby.ai,grigsby,last,3141,,,,,,,,,,,3141,11501,3.9,available,2026-05-30T06:44:46.263Z
maciel.ai,maciel,first+last,3142,25135,249,51,198,0,1977,2014,1987,17,F,3142,11500,3.9,available,2026-05-30T06:44:46.263Z
paulino.ai,paulino,first+last,3142,7858,1709,1709,0,17,1914,2020,1995,37,M,3142,11500,3.9,available,2026-05-30T06:44:46.263Z
pamala.ai,pamala,first,3145,3145,7356,0,7356,0,1926,2001,1958,314,F,,,,available,2026-05-30T06:44:46.263Z
blalock.ai,blalock,last,3145,,,,,,,,,,,3145,11493,3.9,available,2026-05-30T06:44:46.263Z
genaro.ai,genaro,first+last,3146,3146,7354,7354,0,51,1908,2020,2000,152,M,49636,423,0.14,available,2026-05-30T06:44:46.263Z
peggie.ai,peggie,first,3147,3147,7354,0,7354,0,1886,2001,1948,258,F,,,,available,2026-05-30T06:44:46.263Z
monserrat.ai,monserrat,first+last,3152,3152,7314,26,7288,167,1980,2020,2014,498,F,54864,375,0.13,available,2026-05-30T06:44:46.263Z
butterfield.ai,butterfield,last,3152,,,,,,,,,,,3152,11468,3.89,available,2026-05-30T06:44:46.263Z
yessenia.ai,yessenia,first,3153,3153,7312,12,7300,34,1971,2020,1990,329,F,,,,available,2026-05-30T06:44:46.263Z
hyman.ai,hyman,first+last,3158,3563,5858,5858,0,0,1880,2014,1916,379,M,3158,11436,3.88,available,2026-05-30T06:44:46.263Z
fennell.ai,fennell,first+last,3163,90427,5,5,0,0,1960,1960,1960,5,M,3163,11410,3.87,available,2026-05-30T06:44:46.263Z
grogan.ai,grogan,last,3165,,,,,,,,,,,3165,11400,3.86,available,2026-05-30T06:44:46.263Z
breeden.ai,breeden,last,3169,,,,,,,,,,,3169,11395,3.86,available,2026-05-30T06:44:46.263Z
gossett.ai,gossett,last,3170,,,,,,,,,,,3170,11389,3.86,available,2026-05-30T06:44:46.263Z
causey.ai,causey,last,3171,,,,,,,,,,,3171,11387,3.86,available,2026-05-30T06:44:46.263Z
roseanne.ai,roseanne,first,3171,3171,7215,0,7215,9,1912,2020,1950,228,F,,,,available,2026-05-30T06:44:46.263Z
zamudio.ai,zamudio,last,3174,,,,,,,,,,,3174,11384,3.86,available,2026-05-30T06:44:46.263Z
tamela.ai,tamela,first,3178,3178,7187,0,7187,0,1947,2018,1959,390,F,,,,available,2026-05-30T06:44:46.263Z
whelan.ai,whelan,first+last,3181,54166,37,37,0,0,2011,2019,2017,8,M,3181,11363,3.85,available,2026-05-30T06:44:46.263Z
jerrell.ai,jerrell,first+last,3181,3181,7181,7090,91,27,1914,2020,1989,241,M,24762,1006,0.34,available,2026-05-30T06:44:46.263Z
mcneely.ai,mcneely,last,3183,,,,,,,,,,,3183,11350,3.85,available,2026-05-30T06:44:46.263Z
corrales.ai,corrales,last,3184,,,,,,,,,,,3184,11348,3.85,available,2026-05-30T06:44:46.263Z
murrell.ai,murrell,first+last,3185,9381,1288,1098,190,0,1898,1992,1923,37,M,3185,11347,3.85,available,2026-05-30T06:44:46.263Z
fultz.ai,fultz,last,3187,,,,,,,,,,,3187,11342,3.85,available,2026-05-30T06:44:46.263Z
mariann.ai,mariann,first,3187,3187,7136,0,7136,13,1912,2020,1957,336,F,,,,available,2026-05-30T06:44:46.263Z
lindquist.ai,lindquist,last,3189,,,,,,,,,,,3189,11337,3.84,available,2026-05-30T06:44:46.263Z
nathaly.ai,nathaly,first,3191,3191,7105,0,7105,229,1982,2020,2007,359,F,,,,available,2026-05-30T06:44:46.263Z
whiteside.ai,whiteside,last,3191,,,,,,,,,,,3191,11334,3.84,available,2026-05-30T06:44:46.263Z
dillan.ai,dillan,first+last,3192,3192,7104,6766,338,65,1975,2020,1992,341,M,108734,163,0.06,available,2026-05-30T06:44:46.263Z
rodas.ai,rodas,first+last,3193,57525,30,0,30,0,2012,2018,2015,8,F,3193,11327,3.84,available,2026-05-30T06:44:46.263Z
laureen.ai,laureen,first,3194,3194,7103,0,7103,8,1917,2020,1958,349,F,,,,available,2026-05-30T06:44:46.263Z
shuler.ai,shuler,last,3195,,,,,,,,,,,3195,11315,3.84,available,2026-05-30T06:44:46.263Z
cardoso.ai,cardoso,last,3197,,,,,,,,,,,3197,11304,3.83,available,2026-05-30T06:44:46.263Z
jaylyn.ai,jaylyn,first,3198,3198,7090,1680,5410,99,1960,2020,2007,376,F,,,,available,2026-05-30T06:44:46.263Z
burdette.ai,burdette,first+last,3200,7482,1841,1714,127,0,1885,1979,1922,74,M,3200,11284,3.83,available,2026-05-30T06:44:46.263Z
jamarion.ai,jamarion,first,3200,3200,7076,7076,0,150,1985,2020,2005,640,M,,,,available,2026-05-30T06:44:46.263Z
villagomez.ai,villagomez,last,3201,,,,,,,,,,,3201,11282,3.82,available,2026-05-30T06:44:46.263Z
jenelle.ai,jenelle,first,3205,3205,7064,0,7064,54,1917,2020,1981,254,F,,,,available,2026-05-30T06:44:46.263Z
hammons.ai,hammons,last,3206,,,,,,,,,,,3206,11273,3.82,available,2026-05-30T06:44:46.263Z
jasiah.ai,jasiah,first,3207,3207,7060,6469,591,542,1991,2020,2020,524,M,,,,available,2026-05-30T06:44:46.263Z
kamron.ai,kamron,first,3210,3210,7054,6763,291,141,1967,2020,2006,342,M,,,,available,2026-05-30T06:44:46.263Z
stanfield.ai,stanfield,last,3215,,,,,,,,,,,3215,11229,3.81,available,2026-05-30T06:44:46.263Z
elyssa.ai,elyssa,first,3216,3216,7035,0,7035,79,1954,2020,2004,273,F,,,,available,2026-05-30T06:44:46.263Z
ruvalcaba.ai,ruvalcaba,last,3217,,,,,,,,,,,3217,11220,3.8,available,2026-05-30T06:44:46.263Z
domonique.ai,domonique,first,3220,3220,6994,1833,5161,13,1963,2020,1986,374,F,,,,available,2026-05-30T06:44:46.263Z
tonja.ai,tonja,first,3222,3222,6994,5,6989,0,1940,2005,1967,512,F,,,,available,2026-05-30T06:44:46.263Z
rubye.ai,rubye,first,3233,3233,6954,0,6954,0,1886,2019,1919,256,F,,,,available,2026-05-30T06:44:46.263Z
boyles.ai,boyles,last,3236,,,,,,,,,,,3236,11156,3.78,available,2026-05-30T06:44:46.263Z
camarena.ai,camarena,last,3237,,,,,,,,,,,3237,11154,3.78,available,2026-05-30T06:44:46.263Z
ezell.ai,ezell,first+last,3247,4842,3632,3221,411,7,1897,2020,1951,62,M,3247,11121,3.77,available,2026-05-30T06:44:46.263Z
camren.ai,camren,first+last,3249,3249,6900,6311,589,111,1978,2020,2006,424,M,66754,296,0.1,available,2026-05-30T06:44:46.263Z
mullin.ai,mullin,last,3250,,,,,,,,,,,3250,11103,3.76,available,2026-05-30T06:44:46.263Z
jazlynn.ai,jazlynn,first,3250,3250,6899,0,6899,238,1986,2020,2011,510,F,,,,available,2026-05-30T06:44:46.263Z
infante.ai,infante,last,3252,,,,,,,,,,,3252,11102,3.76,available,2026-05-30T06:44:46.263Z
rashawn.ai,rashawn,first,3252,3252,6896,6187,709,52,1966,2020,1995,248,M,,,,available,2026-05-30T06:44:46.263Z
jaunita.ai,jaunita,first,3254,3254,6892,0,6892,0,1894,1991,1924,285,F,,,,available,2026-05-30T06:44:46.263Z
sauceda.ai,sauceda,last,3255,,,,,,,,,,,3255,11093,3.76,available,2026-05-30T06:44:46.263Z
annalee.ai,annalee,first,3257,3257,6887,0,6887,209,1902,2020,2016,315,F,,,,available,2026-05-30T06:44:46.263Z
ragan.ai,ragan,first+last,3258,6685,2205,387,1818,7,1923,2020,1998,78,F,3258,11081,3.76,available,2026-05-30T06:44:46.263Z
urena.ai,urena,first+last,3261,99374,5,0,5,0,1969,1969,1969,5,F,3261,11066,3.75,available,2026-05-30T06:44:46.263Z
camarillo.ai,camarillo,last,3261,,,,,,,,,,,3261,11066,3.75,available,2026-05-30T06:44:46.263Z
seeley.ai,seeley,first+last,3264,16522,528,398,130,33,1914,2020,2016,40,M,3264,11061,3.75,available,2026-05-30T06:44:46.263Z
alexzander.ai,alexzander,first,3264,3264,6865,6865,0,163,1936,2020,2006,389,M,,,,available,2026-05-30T06:44:46.263Z
grooms.ai,grooms,last,3267,,,,,,,,,,,3267,11045,3.74,available,2026-05-30T06:44:46.263Z
khadijah.ai,khadijah,first,3268,3268,6854,7,6847,121,1962,2020,1994,1615,F,,,,available,2026-05-30T06:44:46.263Z
sarahi.ai,sarahi,first,3271,3271,6837,0,6837,186,1981,2020,2005,323,F,,,,available,2026-05-30T06:44:46.263Z
estevez.ai,estevez,last,3273,,,,,,,,,,,3273,11032,3.74,available,2026-05-30T06:44:46.263Z
keefe.ai,keefe,first+last,3275,14391,658,658,0,0,1952,2012,1963,33,M,3275,11028,3.74,available,2026-05-30T06:44:46.263Z
dortha.ai,dortha,first,3276,3276,6811,0,6811,0,1889,1984,1921,295,F,,,,available,2026-05-30T06:44:46.263Z
leahy.ai,leahy,last,3280,,,,,,,,,,,3280,11014,3.73,available,2026-05-30T06:44:46.263Z
kandice.ai,kandice,first,3280,3280,6795,0,6795,10,1945,2020,1985,298,F,,,,available,2026-05-30T06:44:46.263Z
ocie.ai,ocie,first,3283,3283,6789,2725,4064,0,1880,2019,1916,139,F,,,,available,2026-05-30T06:44:46.263Z
fanning.ai,fanning,last,3284,,,,,,,,,,,3284,11007,3.73,available,2026-05-30T06:44:46.263Z
lorenza.ai,lorenza,first,3285,3285,6777,3687,3090,18,1881,2020,1958,75,M,,,,available,2026-05-30T06:44:46.263Z
palumbo.ai,palumbo,last,3285,,,,,,,,,,,3285,11005,3.73,available,2026-05-30T06:44:46.263Z
denisse.ai,denisse,first,3287,3287,6766,0,6766,315,1954,2020,2020,315,F,,,,available,2026-05-30T06:44:46.263Z
shaylee.ai,shaylee,first,3288,3288,6753,0,6753,98,1972,2020,2007,356,F,,,,available,2026-05-30T06:44:46.263Z
carleen.ai,carleen,first,3291,3291,6739,0,6739,9,1908,2020,1961,168,F,,,,available,2026-05-30T06:44:46.263Z
sifuentes.ai,sifuentes,last,3293,,,,,,,,,,,3293,10954,3.71,available,2026-05-30T06:44:46.263Z
litzy.ai,litzy,first,3294,3294,6727,6,6721,87,1999,2020,2005,810,F,,,,available,2026-05-30T06:44:46.263Z
landeros.ai,landeros,last,3295,,,,,,,,,,,3295,10934,3.71,available,2026-05-30T06:44:46.263Z
massie.ai,massie,first+last,3296,20991,350,99,251,5,1886,2020,1922,13,F,3296,10920,3.7,available,2026-05-30T06:44:46.263Z
pedroza.ai,pedroza,last,3297,,,,,,,,,,,3297,10918,3.7,available,2026-05-30T06:44:46.263Z
vernie.ai,vernie,first,3298,3298,6718,2760,3958,0,1880,1991,1916,123,F,,,,available,2026-05-30T06:44:46.263Z
carvalho.ai,carvalho,last,3302,,,,,,,,,,,3302,10877,3.69,available,2026-05-30T06:44:46.263Z
lyndsay.ai,lyndsay,first,3304,3304,6706,0,6706,8,1973,2020,1982,403,F,,,,available,2026-05-30T06:44:46.263Z
elrod.ai,elrod,first+last,3305,82900,6,6,0,0,1971,1971,1971,6,M,3305,10851,3.68,available,2026-05-30T06:44:46.263Z
caryl.ai,caryl,first+last,3306,3306,6691,344,6347,0,1896,1996,1947,190,F,42511,510,0.17,available,2026-05-30T06:44:46.263Z
jamir.ai,jamir,first+last,3307,3307,6682,6662,20,393,1972,2020,2019,431,M,102688,175,0.06,available,2026-05-30T06:44:46.263Z
